Sample_ID,Index,Index2
PECOe550,TAAGGCGA,CTCTCTAT
PECOe551,TAAGGCGA,TATCCTCT
PECOe552,TAAGGCGA,GTAAGGAG
PECOe553,TAAGGCGA,ACTGCATA
PECOe554,TAAGGCGA,AAGGAGTA
PECOe555,TAAGGCGA,CTAAGCCT
PECOe556,TAAGGCGA,CGTCTAAT
PECOe557,TAAGGCGA,TCTCTCCG
PECOe558,CGTACTAG,CTCTCTAT
PECOe559,CGTACTAG,TATCCTCT
PECOe560,CGTACTAG,GTAAGGAG
PECOe561,CGTACTAG,ACTGCATA
PECOe562,CGTACTAG,AAGGAGTA
PECOe563,CGTACTAG,CTAAGCCT
PECOe564,CGTACTAG,CGTCTAAT
PECOe565,CGTACTAG,TCTCTCCG
PECOe566,AGGCAGAA,CTCTCTAT
PECOe567,AGGCAGAA,TATCCTCT
PECOe568,AGGCAGAA,GTAAGGAG
PECOe569,AGGCAGAA,ACTGCATA
PECOe570,AGGCAGAA,AAGGAGTA
PECOe571,AGGCAGAA,CTAAGCCT
PECOe572,AGGCAGAA,CGTCTAAT
PECOe573,AGGCAGAA,TCTCTCCG
PECOe574,TCCTGAGC,CTCTCTAT
PECOe575,TCCTGAGC,TATCCTCT
PECOe651,TCCTGAGC,GTAAGGAG
PECOe652,TCCTGAGC,ACTGCATA
PECOe653,TCCTGAGC,AAGGAGTA
PECOe654,TCCTGAGC,CTAAGCCT
PECOe655,TCCTGAGC,CGTCTAAT
PECOe704,TCCTGAGC,TCTCTCCG
PECOe705,GGACTCCT,CTCTCTAT
PECOe706,GGACTCCT,TATCCTCT
PECOe707,GGACTCCT,GTAAGGAG
PECOe708,GGACTCCT,ACTGCATA
PECOe709,GGACTCCT,AAGGAGTA
PECOe710,GGACTCCT,CTAAGCCT
PECOe711,GGACTCCT,CGTCTAAT
PECOe712,GGACTCCT,TCTCTCCG
PECOe713,TAGGCATG,CTCTCTAT
PECOe714,TAGGCATG,TATCCTCT
PECOe715,TAGGCATG,GTAAGGAG
PECOe716,TAGGCATG,ACTGCATA
PECOe717,TAGGCATG,AAGGAGTA
PECOe718,TAGGCATG,CTAAGCCT
PECOe719,TAGGCATG,CGTCTAAT
PECOe720,TAGGCATG,TCTCTCCG
PECOe721,CTCTCTAC,CTCTCTAT
PECOe722,CTCTCTAC,TATCCTCT
PECOe723,CTCTCTAC,GTAAGGAG
PECOe724,CTCTCTAC,ACTGCATA
PECOe725,CTCTCTAC,AAGGAGTA
PECOe726,CTCTCTAC,CTAAGCCT
PECOe727,CTCTCTAC,CGTCTAAT
PECOe728,CTCTCTAC,TCTCTCCG
PECOe729,CGAGGCTG,CTCTCTAT
PECOe730,CGAGGCTG,TATCCTCT
PECOe731,CGAGGCTG,GTAAGGAG
PECOe732,CGAGGCTG,ACTGCATA
PECOe733,CGAGGCTG,AAGGAGTA
PECOe734,CGAGGCTG,CTAAGCCT
PECOe735,CGAGGCTG,CGTCTAAT
PECOe736,CGAGGCTG,TCTCTCCG
PECOe737,AAGAGGCA,CTCTCTAT
PECOe738,AAGAGGCA,TATCCTCT
PECOe739,AAGAGGCA,GTAAGGAG
PECOe740,AAGAGGCA,ACTGCATA
PECOe741,AAGAGGCA,AAGGAGTA
PECOe742,AAGAGGCA,CTAAGCCT
PECOe743,AAGAGGCA,CGTCTAAT
PECOe744,AAGAGGCA,TCTCTCCG
PECOe745,GTAGAGGA,CTCTCTAT
PECOe746,GTAGAGGA,TATCCTCT
PECOe747,GTAGAGGA,GTAAGGAG
PECOe748,GTAGAGGA,ACTGCATA
PECOe749,GTAGAGGA,AAGGAGTA
PECOe750,GTAGAGGA,CTAAGCCT
PECOe751,GTAGAGGA,CGTCTAAT
PECOe752,GTAGAGGA,TCTCTCCG
PECOe753,GCTCATGA,CTCTCTAT
PECOe754,GCTCATGA,TATCCTCT
PECOe755,GCTCATGA,GTAAGGAG
PECOe756,GCTCATGA,ACTGCATA
PECOe757,GCTCATGA,AAGGAGTA
PECOe758,GCTCATGA,CTAAGCCT
PECOe759,GCTCATGA,CGTCTAAT
PECOe760,GCTCATGA,TCTCTCCG
PECOe761,ATCTCAGG,CTCTCTAT
PECOe762,ATCTCAGG,TATCCTCT
PECOe763,ATCTCAGG,GTAAGGAG
PECOe764,ATCTCAGG,ACTGCATA
PECOe765,ATCTCAGG,AAGGAGTA
PECOe766,ATCTCAGG,CTAAGCCT
PECOe767,ATCTCAGG,CGTCTAAT
PECO2022_NEGPCR2,ATCTCAGG,TCTCTCCG
PECOe768,ACTCGCTA,TCGACTAG
PECOe769,ACTCGCTA,TTCTAGCT
PECOe770,ACTCGCTA,CCTAGAGT
PECOe781,ACTCGCTA,GCGTAAGA
PECOe782,ACTCGCTA,CTATTAAG
PECOe783,ACTCGCTA,AAGGCTAT
PECOe784,ACTCGCTA,GAGCCTTA
PECOe785,ACTCGCTA,TTATGCGA
PECOe786,GGAGCTAC,TCGACTAG
PECOe787,GGAGCTAC,TTCTAGCT
PECOe788,GGAGCTAC,CCTAGAGT
PECOe789,GGAGCTAC,GCGTAAGA
PECOe790,GGAGCTAC,CTATTAAG
PECOe791,GGAGCTAC,AAGGCTAT
PECOe792,GGAGCTAC,GAGCCTTA
PECOe793,GGAGCTAC,TTATGCGA
PECOe794,GCGTAGTA,TCGACTAG
PECOe795,GCGTAGTA,TTCTAGCT
PECOe796,GCGTAGTA,CCTAGAGT
PECOe797,GCGTAGTA,GCGTAAGA
PECOe798,GCGTAGTA,CTATTAAG
PECOe799,GCGTAGTA,AAGGCTAT
PECOe800,GCGTAGTA,GAGCCTTA
PECOe806,GCGTAGTA,TTATGCGA
PECOe807,CGGAGCCT,TCGACTAG
PECOe808,CGGAGCCT,TTCTAGCT
PECOe809,CGGAGCCT,CCTAGAGT
PECOe810,CGGAGCCT,GCGTAAGA
PECOe811,CGGAGCCT,CTATTAAG
PECOe812,CGGAGCCT,AAGGCTAT
PECOe813,CGGAGCCT,GAGCCTTA
PECOe814,CGGAGCCT,TTATGCGA
PECOe815,TACGCTGC,TCGACTAG
PECOe816,TACGCTGC,TTCTAGCT
PECOe817,TACGCTGC,CCTAGAGT
PECOe818,TACGCTGC,GCGTAAGA
PECOe819,TACGCTGC,CTATTAAG
PECOe820,TACGCTGC,AAGGCTAT
PECOe821,TACGCTGC,GAGCCTTA
PECOe822,TACGCTGC,TTATGCGA
PECOe823,ATGCGCAG,TCGACTAG
PECOe824,ATGCGCAG,TTCTAGCT
PECOe825,ATGCGCAG,CCTAGAGT
PECOe826,ATGCGCAG,GCGTAAGA
PECOe827,ATGCGCAG,CTATTAAG
PECOe828,ATGCGCAG,AAGGCTAT
PECOe829,ATGCGCAG,GAGCCTTA
PECOe830,ATGCGCAG,TTATGCGA
PECOe831,TAGCGCTC,TCGACTAG
PECOe832,TAGCGCTC,TTCTAGCT
PECOe833,TAGCGCTC,CCTAGAGT
PECOe834,TAGCGCTC,GCGTAAGA
PECOe835,TAGCGCTC,CTATTAAG
PECOe836,TAGCGCTC,AAGGCTAT
PECOe837,TAGCGCTC,GAGCCTTA
PECOe838,TAGCGCTC,TTATGCGA
PECOe839,ACTGAGCG,TCGACTAG
PECOe840,ACTGAGCG,TTCTAGCT
PECOe841,ACTGAGCG,CCTAGAGT
PECOe842,ACTGAGCG,GCGTAAGA
PECOe843,ACTGAGCG,CTATTAAG
PECOe844,ACTGAGCG,AAGGCTAT
PECOe845,ACTGAGCG,GAGCCTTA
PECOe846,ACTGAGCG,TTATGCGA
PECOe847,CCTAAGAC,TCGACTAG
PECOe848,CCTAAGAC,TTCTAGCT
PECOe849,CCTAAGAC,CCTAGAGT
PECOe850,CCTAAGAC,GCGTAAGA
PECOe851,CCTAAGAC,CTATTAAG
PECOe852,CCTAAGAC,AAGGCTAT
PECOe853,CCTAAGAC,GAGCCTTA
PECOe854,CCTAAGAC,TTATGCGA
PECOe855,CGATCAGT,TCGACTAG
PECOe856,CGATCAGT,TTCTAGCT
PECOe857,CGATCAGT,CCTAGAGT
PECOe858,CGATCAGT,GCGTAAGA
PECOe859,CGATCAGT,CTATTAAG
PECOe860,CGATCAGT,AAGGCTAT
PECOe861,CGATCAGT,GAGCCTTA
PECOe862,CGATCAGT,TTATGCGA
PECOe863,TGCAGCTA,TCGACTAG
PECOe864,TGCAGCTA,TTCTAGCT
PECOe865,TGCAGCTA,CCTAGAGT
PECOe866,TGCAGCTA,GCGTAAGA
PECOe867,TGCAGCTA,CTATTAAG
PECOe868,TGCAGCTA,AAGGCTAT
PECOe869,TGCAGCTA,GAGCCTTA
PECO2022_NEGPCR3,TGCAGCTA,TTATGCGA