"","verbatim_name","accepted_name","species","taxon_rank","taxonomic_status","class","order","family","genus","taxon_id","is_marine","is_brackish","is_freshwater","ncbi_id"
"1","Syngnathus leptorhynchus","Syngnathus californiensis","Syngnathus californiensis","species","junior subjective synonym","Teleostei","Syngnathiformes","Syngnathidae","Syngnathus",275218,NA,NA,NA,NA
"2","Cottus asper","Cottus asper","Cottus asper","species","accepted","Teleostei","Perciformes","Cottidae","Cottus",274368,NA,NA,NA,NA
"3","Clupea pallasii","Clupea pallasii","Clupea pallasii","species","accepted","Teleostei","Clupeiformes","Clupeidae","Clupea",151159,TRUE,TRUE,TRUE,30724
"4","Parophrys vetulus","Parophrys vetulus","Parophrys vetulus","species","accepted","Teleostei","Pleuronectiformes","Pleuronectidae","Parophrys",254393,TRUE,FALSE,FALSE,172659
"5","Atheresthes stomias","Atheresthes stomias","Atheresthes stomias","species","accepted","Teleostei","Pleuronectiformes","Pleuronectidae","Atheresthes",279792,TRUE,FALSE,FALSE,428034
"6","Glyptocephalus zachirus","Glyptocephalus zachirus","Glyptocephalus zachirus","species","accepted","Teleostei","Pleuronectiformes","Pleuronectidae","Glyptocephalus",274287,TRUE,FALSE,FALSE,195612
"7","Microstomus pacificus","Microstomus pacificus","Microstomus pacificus","species","accepted","Teleostei","Pleuronectiformes","Pleuronectidae","Microstomus",274294,TRUE,FALSE,FALSE,89058
"8","Hydrolagus colliei","Hydrolagus colliei","Hydrolagus colliei","species","accepted","Holocephali","Chimaeriformes","Chimaeridae","Hydrolagus",271406,TRUE,FALSE,FALSE,7873
"9","Lepidopsetta bilineata","Lepidopsetta bilineata","Lepidopsetta bilineata","species","accepted","Teleostei","Pleuronectiformes","Pleuronectidae","Lepidopsetta",281305,TRUE,FALSE,FALSE,195623
"10","Sebastes alutus","Sebastes alutus","Sebastes alutus","species","accepted","Teleostei","Perciformes","Sebastidae","Sebastes",254573,TRUE,FALSE,FALSE,72055
"11","Oncorhynchus nerka","Oncorhynchus nerka","Oncorhynchus nerka","species","accepted","Teleostei","Salmoniformes","Salmonidae","Oncorhynchus",254569,TRUE,TRUE,TRUE,8023
"12","Sebastolobus alascanus","Sebastolobus alascanus","Sebastolobus alascanus","species","accepted","Teleostei","Perciformes","Sebastidae","Sebastolobus",282740,TRUE,FALSE,FALSE,72110
"13","Thaleichthys pacificus","Thaleichthys pacificus","Thaleichthys pacificus","species","accepted","Teleostei","Osmeriformes","Osmeridae","Thaleichthys",282959,TRUE,TRUE,TRUE,240832
"14","Oncorhynchus kisutch","Oncorhynchus kisutch","Oncorhynchus kisutch","species","accepted","Teleostei","Salmoniformes","Salmonidae","Oncorhynchus",127184,TRUE,TRUE,TRUE,8019
"15","Gadus macrocephalus","Gadus macrocephalus","Gadus macrocephalus","species","accepted","Teleostei","Gadiformes","Gadidae","Gadus",254538,TRUE,TRUE,FALSE,80720
"16","Gadus chalcogrammus","Gadus chalcogrammus","Gadus chalcogrammus","species","accepted","Teleostei","Gadiformes","Gadidae","Gadus",300735,TRUE,TRUE,FALSE,1042646
"17","Squalus suckleyi","Squalus suckleyi","Squalus suckleyi","species","accepted","Elasmobranchii","Squaliformes","Squalidae","Squalus",299224,TRUE,TRUE,FALSE,7798
"18","Sebastes ruberrimus","Sebastes ruberrimus","Sebastes ruberrimus","species","accepted","Teleostei","Perciformes","Sebastidae","Sebastes",274844,TRUE,FALSE,FALSE,72098
"19","Citharichthys sordidus","Citharichthys sordidus","Citharichthys sordidus","species","accepted","Teleostei","Pleuronectiformes","Paralichthyidae","Citharichthys",275694,TRUE,FALSE,FALSE,319774
"20","Anoplopoma fimbria","Anoplopoma fimbria","Anoplopoma fimbria","species","accepted","Teleostei","Perciformes","Anoplopomatidae","Anoplopoma",159463,TRUE,FALSE,FALSE,229290
"21","Hippoglossoides elassodon","Hippoglossoides elassodon","Hippoglossoides elassodon","species","accepted","Teleostei","Pleuronectiformes","Pleuronectidae","Hippoglossoides",274289,TRUE,FALSE,FALSE,30945
"22","Sebastes maliger","Sebastes maliger","Sebastes maliger","species","accepted","Teleostei","Perciformes","Sebastidae","Sebastes",274815,TRUE,FALSE,FALSE,72084
"23","Sebastes brevispinis","Sebastes brevispinis","Sebastes brevispinis","species","accepted","Teleostei","Perciformes","Sebastidae","Sebastes",274778,TRUE,FALSE,FALSE,72060
"24","Oncorhynchus keta","Oncorhynchus keta","Oncorhynchus keta","species","accepted","Teleostei","Salmoniformes","Salmonidae","Oncorhynchus",127183,TRUE,TRUE,TRUE,8018
"25","Oncorhynchus gorbuscha","Oncorhynchus gorbuscha","Oncorhynchus gorbuscha","species","accepted","Teleostei","Salmoniformes","Salmonidae","Oncorhynchus",127182,TRUE,TRUE,TRUE,8017
"26","Sebastes babcocki","Sebastes babcocki","Sebastes babcocki","species","accepted","Teleostei","Perciformes","Sebastidae","Sebastes",274775,TRUE,FALSE,FALSE,72059
"27","Merluccius productus","Merluccius productus","Merluccius productus","species","accepted","Teleostei","Gadiformes","Merlucciidae","Merluccius",272458,TRUE,TRUE,FALSE,89952
"28","Sebastes zacentrus","Sebastes zacentrus","Sebastes zacentrus","species","accepted","Teleostei","Perciformes","Sebastidae","Sebastes",274869,TRUE,FALSE,FALSE,72108
"29","Sebastes proriger","Sebastes proriger","Sebastes proriger","species","accepted","Teleostei","Perciformes","Sebastidae","Sebastes",274838,TRUE,FALSE,FALSE,394703
"30","Lyopsetta exilis","Lyopsetta exilis","Lyopsetta exilis","species","accepted","Teleostei","Pleuronectiformes","Pleuronectidae","Lyopsetta",281452,TRUE,FALSE,FALSE,195626
"31","Hippoglossus stenolepis","Hippoglossus stenolepis","Hippoglossus stenolepis","species","accepted","Teleostei","Pleuronectiformes","Pleuronectidae","Hippoglossus",274290,TRUE,FALSE,FALSE,195615
"32","Eopsetta jordani","Eopsetta jordani","Eopsetta jordani","species","accepted","Teleostei","Pleuronectiformes","Pleuronectidae","Eopsetta",280690,TRUE,FALSE,FALSE,195609
"33","Sebastes helvomaculatus","Sebastes helvomaculatus","Sebastes helvomaculatus","species","accepted","Teleostei","Perciformes","Sebastidae","Sebastes",274799,TRUE,FALSE,FALSE,72079
"34","Microgadus proximus","Microgadus proximus","Microgadus proximus","species","accepted","Teleostei","Gadiformes","Gadidae","Microgadus",275873,TRUE,TRUE,FALSE,80721
"35","Oncorhynchus tshawytscha","Oncorhynchus tshawytscha","Oncorhynchus tshawytscha","species","accepted","Teleostei","Salmoniformes","Salmonidae","Oncorhynchus",158075,TRUE,TRUE,TRUE,74940
"36","Sebastes flavidus","Sebastes flavidus","Sebastes flavidus","species","accepted","Teleostei","Perciformes","Sebastidae","Sebastes",274795,TRUE,FALSE,FALSE,72076
"37","Ophiodon elongatus","Ophiodon elongatus","Ophiodon elongatus","species","accepted","Teleostei","Perciformes","Hexagrammidae","Ophiodon",240745,TRUE,FALSE,FALSE,225387
"38","Sebastes reedi","Sebastes reedi","Sebastes reedi","species","accepted","Teleostei","Perciformes","Sebastidae","Sebastes",274840,TRUE,FALSE,FALSE,394704
"39","Psettichthys melanostictus","Psettichthys melanostictus","Psettichthys melanostictus","species","accepted","Teleostei","Pleuronectiformes","Pleuronectidae","Psettichthys",282396,TRUE,FALSE,FALSE,195639
"40","Sebastes pinniger","Sebastes pinniger","Sebastes pinniger","species","accepted","Teleostei","Perciformes","Sebastidae","Sebastes",274836,TRUE,FALSE,FALSE,72094
"41","Sebastes elongatus","Sebastes elongatus","Sebastes elongatus","species","accepted","Teleostei","Perciformes","Sebastidae","Sebastes",274788,TRUE,FALSE,FALSE,72070
"42","Isopsetta isolepis","Isopsetta isolepis","Isopsetta isolepis","species","accepted","Teleostei","Pleuronectiformes","Pleuronectidae","Isopsetta",281189,TRUE,FALSE,FALSE,195617
"43","Oncorhynchus mykiss","Oncorhynchus mykiss","Oncorhynchus mykiss","species","accepted","Teleostei","Salmoniformes","Salmonidae","Oncorhynchus",127185,TRUE,TRUE,TRUE,8022
"44","Sebastes diploproa","Sebastes diploproa","Sebastes diploproa","species","accepted","Teleostei","Perciformes","Sebastidae","Sebastes",274787,TRUE,FALSE,FALSE,72069
"45","Lycodes pacificus","Lycodes pacificus","Lycodes pacificus","species","accepted","Teleostei","Perciformes","Zoarcidae","Lycodes",274116,TRUE,FALSE,FALSE,1772091
"46","Ammodytes personatus","Ammodytes personatus","Ammodytes personatus","species","accepted","Teleostei","Perciformes","Ammodytidae","Ammodytes",272967,TRUE,FALSE,FALSE,215382
"47","Beringraja rhina","Beringraja rhina","Beringraja rhina","species","accepted","Elasmobranchii","Rajiformes","Rajidae","Beringraja",1461133,TRUE,FALSE,FALSE,2838338
"48","Sebastes caurinus","Sebastes caurinus","Sebastes caurinus","species","accepted","Teleostei","Perciformes","Sebastidae","Sebastes",274780,TRUE,FALSE,FALSE,72063
"49","Beringraja binoculata","Beringraja binoculata","Beringraja binoculata","species","accepted","Elasmobranchii","Rajiformes","Rajidae","Beringraja",1021330,TRUE,FALSE,FALSE,2838337
"50","Sebastes paucispinis","Sebastes paucispinis","Sebastes paucispinis","species","accepted","Teleostei","Perciformes","Sebastidae","Sebastes",274833,TRUE,FALSE,FALSE,72093
"51","Pleuronichthys decurrens","Pleuronichthys decurrens","Pleuronichthys decurrens","species","accepted","Teleostei","Pleuronectiformes","Pleuronectidae","Pleuronichthys",282292,TRUE,FALSE,FALSE,320379
"52","Sebastes entomelas","Sebastes entomelas","Sebastes entomelas","species","accepted","Teleostei","Perciformes","Sebastidae","Sebastes",274791,TRUE,FALSE,FALSE,72073
"53","Sebastes crameri","Sebastes crameri","Sebastes crameri","species","accepted","Teleostei","Perciformes","Sebastidae","Sebastes",274785,TRUE,FALSE,FALSE,72067
"54","Sebastes wilsoni","Sebastes wilsoni","Sebastes wilsoni","species","accepted","Teleostei","Perciformes","Sebastidae","Sebastes",274868,TRUE,FALSE,FALSE,72107
"55","Coryphaenoides cinereus","Coryphaenoides cinereus","Coryphaenoides cinereus","species","accepted","Teleostei","Gadiformes","Macrouridae","Coryphaenoides",272326,TRUE,FALSE,FALSE,83391
"56","Sebastes nebulosus","Sebastes nebulosus","Sebastes nebulosus","species","accepted","Teleostei","Perciformes","Sebastidae","Sebastes",274824,TRUE,FALSE,FALSE,394698
"57","Sebastes variegatus","Sebastes variegatus","Sebastes variegatus","species","accepted","Teleostei","Perciformes","Sebastidae","Sebastes",274863,TRUE,FALSE,FALSE,72106
"58","Bathyraja interrupta","Bathyraja interrupta","Bathyraja interrupta","species","accepted","Elasmobranchii","Rajiformes","Arhynchobatidae","Bathyraja",271515,TRUE,FALSE,FALSE,341244
"59","Sebastes borealis","Sebastes borealis","Sebastes borealis","species","accepted","Teleostei","Perciformes","Sebastidae","Sebastes",274777,TRUE,FALSE,FALSE,394687
"60","Cymatogaster aggregata","Cymatogaster aggregata","Cymatogaster aggregata","species","accepted","Teleostei","Ovalentaria incertae sedis","Embiotocidae","Cymatogaster",280461,TRUE,TRUE,FALSE,50794
"61","Hexagrammos decagrammus","Hexagrammos decagrammus","Hexagrammos decagrammus","species","accepted","Teleostei","Perciformes","Hexagrammidae","Hexagrammos",240732,TRUE,FALSE,FALSE,274741
"62","Podothecus accipenserinus","Podothecus accipenserinus","Podothecus accipenserinus","species","accepted","Teleostei","Perciformes","Agonidae","Podothecus",254501,TRUE,FALSE,FALSE,320612
"63","Sebastes jordani","Sebastes jordani","Sebastes jordani","species","accepted","Teleostei","Perciformes","Sebastidae","Sebastes",274806,TRUE,FALSE,FALSE,72081
"64","Albatrossia pectoralis","Albatrossia pectoralis","Albatrossia pectoralis","species","accepted","Teleostei","Gadiformes","Macrouridae","Albatrossia",236135,TRUE,FALSE,FALSE,83392
"65","Malacocottus kincaidi","Malacocottus kincaidi","Malacocottus kincaidi","species","accepted","Teleostei","Perciformes","Psychrolutidae","Malacocottus",279442,TRUE,FALSE,FALSE,433396
"66","Malacocottus zonurus","Malacocottus zonurus","Malacocottus zonurus","species","accepted","Teleostei","Perciformes","Psychrolutidae","Malacocottus",254406,TRUE,FALSE,FALSE,200682
"67","Lumpenus sagitta","Lumpenus sagitta","Lumpenus sagitta","species","accepted","Teleostei","Perciformes","Lumpenidae","Lumpenus",254579,TRUE,FALSE,FALSE,428036
"68","Salmo salar","Salmo salar","Salmo salar","species","accepted","Teleostei","Salmoniformes","Salmonidae","Salmo",127186,TRUE,TRUE,TRUE,8030
"69","Lycodes brevipes","Lycodes brevipes","Lycodes brevipes","species","accepted","Teleostei","Perciformes","Zoarcidae","Lycodes",254595,TRUE,FALSE,FALSE,433387
"70","Lycodes cortezianus","Lycodes cortezianus","Lycodes cortezianus","species","accepted","Teleostei","Perciformes","Zoarcidae","Lycodes",274097,TRUE,FALSE,FALSE,57818
"71","Sebastes nigrocinctus","Sebastes nigrocinctus","Sebastes nigrocinctus","species","accepted","Teleostei","Perciformes","Sebastidae","Sebastes",274825,TRUE,FALSE,FALSE,72089
"72","Antimora microlepis","Antimora microlepis","Antimora microlepis","species","accepted","Teleostei","Gadiformes","Moridae","Antimora",272460,TRUE,FALSE,FALSE,497157
"73","Lycodes diapterus","Lycodes diapterus","Lycodes diapterus","species","accepted","Teleostei","Perciformes","Zoarcidae","Lycodes",254597,TRUE,FALSE,FALSE,215426
"74","Platichthys stellatus","Platichthys stellatus","Platichthys stellatus","species","accepted","Teleostei","Pleuronectiformes","Pleuronectidae","Platichthys",154781,TRUE,TRUE,TRUE,195632
"75","Chitonotus pugetensis","Chitonotus pugetensis","Chitonotus pugetensis","species","accepted","Teleostei","Perciformes","Cottidae","Chitonotus",280162,TRUE,FALSE,FALSE,283635
"76","Bathyagonus pentacanthus","Bathyagonus pentacanthus","Bathyagonus pentacanthus","species","accepted","Teleostei","Perciformes","Agonidae","Bathyagonus",254506,TRUE,FALSE,FALSE,433407
"77","Stenobrachius leucopsarus","Stenobrachius leucopsarus","Stenobrachius leucopsarus","species","accepted","Teleostei","Myctophiformes","Myctophidae","Stenobrachius",254363,TRUE,FALSE,FALSE,91658
"78","Salvelinus malma","Salvelinus malma","Salvelinus malma","species","accepted","Teleostei","Salmoniformes","Salmonidae","Salvelinus",254570,TRUE,TRUE,TRUE,8039
"79","Icelinus filamentosus","Icelinus filamentosus","Icelinus filamentosus","species","accepted","Teleostei","Perciformes","Cottidae","Icelinus",281136,TRUE,FALSE,FALSE,274762
"80","Poroclinus rothrocki","Poroclinus rothrocki","Poroclinus rothrocki","species","accepted","Teleostei","Perciformes","Lumpenidae","Poroclinus",254385,TRUE,FALSE,FALSE,557414
"81","Sebastes aurora","Sebastes aurora","Sebastes aurora","species","accepted","Teleostei","Perciformes","Sebastidae","Sebastes",274774,TRUE,FALSE,FALSE,72058
"82","Citharichthys stigmaeus","Citharichthys stigmaeus","Citharichthys stigmaeus","species","accepted","Teleostei","Pleuronectiformes","Paralichthyidae","Citharichthys",275696,TRUE,FALSE,FALSE,319775
"83","Leptocottus armatus","Leptocottus armatus","Leptocottus armatus","species","accepted","Teleostei","Perciformes","Cottidae","Leptocottus",254345,TRUE,TRUE,FALSE,214925
"84","Sebastes miniatus","Sebastes miniatus","Sebastes miniatus","species","accepted","Teleostei","Perciformes","Sebastidae","Sebastes",274820,TRUE,FALSE,FALSE,72087
"85","Radulinus asprellus","Radulinus asprellus","Radulinus asprellus","species","accepted","Teleostei","Perciformes","Cottidae","Radulinus",282541,TRUE,FALSE,FALSE,274768
"86","Tarletonbeania crenularis","Tarletonbeania crenularis","Tarletonbeania crenularis","species","accepted","Teleostei","Myctophiformes","Myctophidae","Tarletonbeania",282927,TRUE,FALSE,FALSE,91660
"87","Ronquilus jordani","Ronquilus jordani","Ronquilus jordani","species","accepted","Teleostei","Perciformes","Bathymasteridae","Ronquilus",282629,TRUE,FALSE,FALSE,428030
"88","Limanda aspera","Limanda aspera","Limanda aspera","species","accepted","Teleostei","Pleuronectiformes","Pleuronectidae","Limanda",254562,TRUE,FALSE,FALSE,195624
"89","Bathyraja aleutica","Bathyraja aleutica","Bathyraja aleutica","species","accepted","Elasmobranchii","Rajiformes","Arhynchobatidae","Bathyraja",271506,TRUE,FALSE,FALSE,341243
"90","Hemilepidotus hemilepidotus","Hemilepidotus hemilepidotus","Hemilepidotus hemilepidotus","species","accepted","Teleostei","Perciformes","Cottidae","Hemilepidotus",254521,TRUE,FALSE,FALSE,433390
"91","Chauliodus macouni","Chauliodus macouni","Chauliodus macouni","species","accepted","Teleostei","Stomiiformes","Stomiidae","Chauliodus",275055,TRUE,FALSE,FALSE,302055
"92","Cololabis saira","Cololabis saira","Cololabis saira","species","accepted","Teleostei","Beloniformes","Scomberesocidae","Cololabis",280366,TRUE,FALSE,FALSE,129043
"93","Xeneretmus latifrons","Xeneretmus latifrons","Xeneretmus latifrons","species","accepted","Teleostei","Perciformes","Agonidae","Xeneretmus",283171,TRUE,FALSE,FALSE,274780
"94","Sebastes variabilis","Sebastes variabilis","Sebastes variabilis","species","accepted","Teleostei","Perciformes","Sebastidae","Sebastes",398442,TRUE,FALSE,FALSE,394707
"95","Lycodes palearis","Lycodes palearis","Lycodes palearis","species","accepted","Teleostei","Perciformes","Zoarcidae","Lycodes",254585,TRUE,FALSE,FALSE,215425
"96","Sebastes emphaeus","Sebastes emphaeus","Sebastes emphaeus","species","accepted","Teleostei","Perciformes","Sebastidae","Sebastes",274789,TRUE,FALSE,FALSE,72071
"97","Sebastes melanops","Sebastes melanops","Sebastes melanops","species","accepted","Teleostei","Perciformes","Sebastidae","Sebastes",274817,TRUE,FALSE,FALSE,72085
"98","Bathyagonus nigripinnis","Bathyagonus nigripinnis","Bathyagonus nigripinnis","species","accepted","Teleostei","Perciformes","Agonidae","Bathyagonus",254505,TRUE,FALSE,FALSE,433409
"99","Apristurus brunneus","Apristurus brunneus","Apristurus brunneus","species","accepted","Elasmobranchii","Carcharhiniformes","Pentanchidae","Apristurus",158512,TRUE,FALSE,FALSE,428037
"100","Anarrhichthys ocellatus","Anarrhichthys ocellatus","Anarrhichthys ocellatus","species","accepted","Teleostei","Perciformes","Anarhichadidae","Anarrhichthys",279605,TRUE,FALSE,FALSE,433405
"101","Diaphus theta","Diaphus theta","Diaphus theta","species","accepted","Teleostei","Myctophiformes","Myctophidae","Diaphus",272694,TRUE,FALSE,FALSE,91653
"102","Cryptacanthodes aleutensis","Cryptacanthodes aleutensis","Cryptacanthodes aleutensis","species","accepted","Teleostei","Perciformes","Cryptacanthodidae","Cryptacanthodes",276390,TRUE,FALSE,FALSE,557343
"103","Enophrys bison","Enophrys bison","Enophrys bison","species","accepted","Teleostei","Perciformes","Cottidae","Enophrys",275355,TRUE,FALSE,FALSE,320617
"104","Scorpaenichthys marmoratus","Scorpaenichthys marmoratus","Scorpaenichthys marmoratus","species","accepted","Teleostei","Perciformes","Jordaniidae","Scorpaenichthys",282726,TRUE,FALSE,FALSE,NA
"105","Paricelinus hopliticus","Paricelinus hopliticus","Paricelinus hopliticus","species","accepted","Teleostei","Perciformes","Jordaniidae","Paricelinus",282147,TRUE,FALSE,FALSE,NA
"106","Prionace glauca","Prionace glauca","Prionace glauca","species","accepted","Elasmobranchii","Carcharhiniformes","Carcharhinidae","Prionace",105801,TRUE,TRUE,FALSE,7815
"107","Dasycottus setiger","Dasycottus setiger","Dasycottus setiger","species","accepted","Teleostei","Perciformes","Psychrolutidae","Dasycottus",280488,TRUE,FALSE,FALSE,274783
"108","Hemitripterus bolini","Hemitripterus bolini","Hemitripterus bolini","species","accepted","Teleostei","Perciformes","Hemitripteridae","Hemitripterus",254541,TRUE,FALSE,FALSE,470227
"109","Sebastes saxicola","Sebastes saxicola","Sebastes saxicola","species","accepted","Teleostei","Perciformes","Sebastidae","Sebastes",274848,TRUE,FALSE,FALSE,72101
"110","Icelinus tenuis","Icelinus tenuis","Icelinus tenuis","species","accepted","Teleostei","Perciformes","Cottidae","Icelinus",281142,TRUE,FALSE,FALSE,433394
"111","Microstomus bathybius","Microstomus bathybius","Microstomus bathybius","species","accepted","Teleostei","Pleuronectiformes","Pleuronectidae","Microstomus",305684,TRUE,FALSE,FALSE,320376
"112","Lumpenella longirostris","Lumpenella longirostris","Lumpenella longirostris","species","accepted","Teleostei","Perciformes","Lumpenidae","Lumpenella",254351,TRUE,FALSE,FALSE,557408
"113","Psychrolutes paradoxus","Psychrolutes paradoxus","Psychrolutes paradoxus","species","accepted","Teleostei","Perciformes","Psychrolutidae","Psychrolutes",254566,TRUE,FALSE,FALSE,980342
"114","Sardinops sagax","Sardinops sagax","Sardinops sagax","species","accepted","Teleostei","Clupeiformes","Alosidae","Sardinops",217452,TRUE,FALSE,FALSE,28381
"115","Bathyagonus alascanus","Bathyagonus alascanus","Bathyagonus alascanus","species","accepted","Teleostei","Perciformes","Agonidae","Bathyagonus",254503,TRUE,FALSE,FALSE,433408
"116","Xeneretmus leiops","Xeneretmus leiops","Xeneretmus leiops","species","accepted","Teleostei","Perciformes","Agonidae","Xeneretmus",283172,TRUE,FALSE,FALSE,299564
"117","Zaprora silenus","Zaprora silenus","Zaprora silenus","species","accepted","Teleostei","Perciformes","Zaproridae","Zaprora",254353,TRUE,FALSE,FALSE,320590
"118","Myoxocephalus polyacanthocephalus","Myoxocephalus polyacanthocephalus","Myoxocephalus polyacanthocephalus","species","accepted","Teleostei","Perciformes","Cottidae","Myoxocephalus",254528,TRUE,FALSE,FALSE,238839
"119","Ammodytes hexapterus","Ammodytes hexapterus","Ammodytes hexapterus","species","accepted","Teleostei","Perciformes","Ammodytidae","Ammodytes",254510,TRUE,TRUE,FALSE,476914
"120","Sebastes aleutianus","Sebastes aleutianus","Sebastes aleutianus","species","accepted","Teleostei","Perciformes","Sebastidae","Sebastes",274771,TRUE,FALSE,FALSE,214485
"121","Salvelinus confluentus","Salvelinus confluentus","Salvelinus confluentus","species","accepted","Teleostei","Salmoniformes","Salmonidae","Salvelinus",274352,FALSE,TRUE,TRUE,8037
"122","Entosphenus tridentatus","Entosphenus tridentatus","Entosphenus tridentatus","species","accepted","Petromyzonti","Petromyzontiformes","Petromyzontidae","Entosphenus",314348,TRUE,TRUE,TRUE,245074
"123","Bothrocara brunneum","Bothrocara brunneum","Bothrocara brunneum","species","accepted","Teleostei","Perciformes","Zoarcidae","Bothrocara",279397,TRUE,FALSE,FALSE,557338
"124","Arctoraja parmifera","Arctoraja parmifera","Arctoraja parmifera","species","accepted","Elasmobranchii","Rajiformes","Rajidae","Arctoraja",1577324,TRUE,NA,NA,NA
"125","Lycodapus mandibularis","Lycodapus mandibularis","Lycodapus mandibularis","species","accepted","Teleostei","Perciformes","Zoarcidae","Lycodapus",279391,TRUE,FALSE,FALSE,557350
"126","Trichodon trichodon","Trichodon trichodon","Trichodon trichodon","species","accepted","Teleostei","Perciformes","Trichodontidae","Trichodon",283043,TRUE,FALSE,FALSE,209541
"127","Leptoclinus maculatus","Leptoclinus maculatus","Leptoclinus maculatus","species","accepted","Teleostei","Perciformes","Lumpenidae","Leptoclinus",127072,TRUE,FALSE,FALSE,980417
"128","Pholis laeta","Pholis laeta","Pholis laeta","species","accepted","Teleostei","Perciformes","Pholidae","Pholis",273689,TRUE,FALSE,FALSE,283367
"129","Careproctus melanurus","Careproctus melanurus","Careproctus melanurus","species","accepted","Teleostei","Perciformes","Liparidae","Careproctus",254549,TRUE,FALSE,FALSE,274785
"130","Gasterosteus aculeatus","Gasterosteus aculeatus","Gasterosteus aculeatus","species","accepted","Teleostei","Perciformes","Gasterosteidae","Gasterosteus",126505,TRUE,TRUE,TRUE,69293
"131","Oligocottus maculosus","Oligocottus maculosus","Oligocottus maculosus","species","accepted","Teleostei","Perciformes","Cottidae","Oligocottus",281872,TRUE,TRUE,FALSE,328410
"132","Triglops macellus","Triglops macellus","Triglops macellus","species","accepted","Teleostei","Perciformes","Cottidae","Triglops",274399,TRUE,FALSE,FALSE,433386
"133","Tactostoma macropus","Tactostoma macropus","Tactostoma macropus","species","accepted","Teleostei","Stomiiformes","Stomiidae","Tactostoma",282922,TRUE,FALSE,FALSE,319451
"134","Agonopsis vulsa","Agonopsis vulsa","Agonopsis vulsa","species","accepted","Teleostei","Perciformes","Agonidae","Agonopsis",279522,TRUE,FALSE,FALSE,428027
"135","Spirinchus thaleichthys","Spirinchus thaleichthys","Spirinchus thaleichthys","species","accepted","Teleostei","Osmeriformes","Osmeridae","Spirinchus",282844,TRUE,TRUE,TRUE,260508
"136","Squalus acanthias","Squalus acanthias","Squalus acanthias","species","accepted","Elasmobranchii","Squaliformes","Squalidae","Squalus",105923,TRUE,TRUE,FALSE,7797
"137","Hemilepidotus spinosus","Hemilepidotus spinosus","Hemilepidotus spinosus","species","accepted","Teleostei","Perciformes","Cottidae","Hemilepidotus",279413,TRUE,FALSE,FALSE,271501
"138","Lepidopsetta polyxystra","Lepidopsetta polyxystra","Lepidopsetta polyxystra","species","accepted","Teleostei","Pleuronectiformes","Pleuronectidae","Lepidopsetta",281307,TRUE,FALSE,FALSE,433389
"139","Triglops pingelii","Triglops pingelii","Triglops pingelii","species","accepted","Teleostei","Perciformes","Cottidae","Triglops",127207,TRUE,FALSE,FALSE,433391
"140","Aulorhynchus flavidus","Aulorhynchus flavidus","Aulorhynchus flavidus","species","accepted","Teleostei","Perciformes","Aulorhynchidae","Aulorhynchus",279839,TRUE,FALSE,FALSE,240152
"141","Poromitra crassiceps","Poromitra crassiceps","Poromitra crassiceps","species","accepted","Teleostei","Beryciformes","Melamphaidae","Poromitra",127273,TRUE,FALSE,FALSE,88708
"142","Pleuronichthys coenosus","Pleuronichthys coenosus","Pleuronichthys coenosus","species","accepted","Teleostei","Pleuronectiformes","Pleuronectidae","Pleuronichthys",282290,TRUE,FALSE,FALSE,269452
"143","Anoplarchus purpurescens","Anoplarchus purpurescens","Anoplarchus purpurescens","species","accepted","Teleostei","Perciformes","Stichaeidae","Anoplarchus",279633,TRUE,FALSE,FALSE,320623
"144","Psychrolutes sigalutes","Psychrolutes sigalutes","Psychrolutes sigalutes","species","accepted","Teleostei","Perciformes","Psychrolutidae","Psychrolutes",274679,TRUE,FALSE,FALSE,557364
"145","Sebastes goodei","Sebastes goodei","Sebastes goodei","species","accepted","Teleostei","Perciformes","Sebastidae","Sebastes",274798,TRUE,TRUE,FALSE,72078
"146","Bryozoichthys marjorius","Bryozoichthys marjorius","Bryozoichthys marjorius","species","accepted","Teleostei","Perciformes","Stichaeidae","Bryozoichthys",254575,TRUE,FALSE,FALSE,1311538
"147","Nectoliparis pelagicus","Nectoliparis pelagicus","Nectoliparis pelagicus","species","accepted","Teleostei","Perciformes","Liparidae","Nectoliparis",281641,TRUE,FALSE,FALSE,446815
"148","Icosteus aenigmaticus","Icosteus aenigmaticus","Icosteus aenigmaticus","species","accepted","Teleostei","Scombriformes","Icosteidae","Icosteus",281153,TRUE,FALSE,FALSE,215386
"149","Eptatretus deani","Eptatretus deani","Eptatretus deani","species","accepted","Myxini","Myxiniformes","Myxinidae","Eptatretus",279277,TRUE,FALSE,FALSE,418109
"150","Icelinus borealis","Icelinus borealis","Icelinus borealis","species","accepted","Teleostei","Perciformes","Cottidae","Icelinus",281133,TRUE,FALSE,FALSE,433388
"151","Hexagrammos stelleri","Hexagrammos stelleri","Hexagrammos stelleri","species","accepted","Teleostei","Perciformes","Hexagrammidae","Hexagrammos",254545,TRUE,FALSE,FALSE,192378
"152","Nautichthys oculofasciatus","Nautichthys oculofasciatus","Nautichthys oculofasciatus","species","accepted","Teleostei","Perciformes","Hemitripteridae","Nautichthys",254542,TRUE,FALSE,FALSE,428032
"153","Gobiesox maeandricus","Gobiesox maeandricus","Gobiesox maeandricus","species","accepted","Teleostei","Gobiesociformes","Gobiesocidae","Gobiesox",275671,TRUE,FALSE,FALSE,63828
"154","Sebastes melanostictus","Sebastes melanostictus","Sebastes melanostictus","species","accepted","Teleostei","Perciformes","Sebastidae","Sebastes",1015496,TRUE,FALSE,FALSE,394695
"155","Alosa sapidissima","Alosa sapidissima","Alosa sapidissima","species","accepted","Teleostei","Clupeiformes","Alosidae","Alosa",158670,TRUE,TRUE,TRUE,34773
"156","Nansenia candida","Nansenia candida","Nansenia candida","species","accepted","Teleostei","Argentiniformes","Microstomatidae","Nansenia",272926,TRUE,FALSE,FALSE,557352
"157","Apodichthys flavidus","Apodichthys flavidus","Apodichthys flavidus","species","accepted","Teleostei","Perciformes","Pholidae","Apodichthys",279664,TRUE,FALSE,FALSE,57779
"158","Scomber japonicus","Scomber japonicus","Scomber japonicus","species","accepted","Teleostei","Scombriformes","Scombridae","Scomber",127022,TRUE,FALSE,FALSE,13676
"159","Blepsias cirrhosus","Blepsias cirrhosus","Blepsias cirrhosus","species","accepted","Teleostei","Perciformes","Hemitripteridae","Blepsias",279417,TRUE,FALSE,FALSE,573213
"160","Bathyagonus infraspinatus","Bathyagonus infraspinatus","Bathyagonus infraspinatus","species","accepted","Teleostei","Perciformes","Agonidae","Bathyagonus",254504,TRUE,FALSE,FALSE,557335
"161","Bathymaster signatus","Bathymaster signatus","Bathymaster signatus","species","accepted","Teleostei","Perciformes","Bathymasteridae","Bathymaster",254513,TRUE,FALSE,FALSE,274808
"162","Benthalbella dentata","Benthalbella dentata","Benthalbella dentata","species","accepted","Teleostei","Aulopiformes","Scopelarchidae","Benthalbella",254572,TRUE,FALSE,FALSE,433385
"163","Artedius fenestralis","Artedius fenestralis","Artedius fenestralis","species","accepted","Teleostei","Perciformes","Cottidae","Artedius",279700,TRUE,FALSE,FALSE,274758
"164","Liparis pulchellus","Liparis pulchellus","Liparis pulchellus","species","accepted","Teleostei","Perciformes","Liparidae","Liparis",274533,TRUE,FALSE,FALSE,433402
"165","Artedius lateralis","Artedius lateralis","Artedius lateralis","species","accepted","Teleostei","Perciformes","Cottidae","Artedius",279702,TRUE,FALSE,FALSE,322683
"166","Coregonus sardinella","Coregonus sardinella","Coregonus sardinella","species","accepted","Teleostei","Salmoniformes","Salmonidae","Coregonus",127181,TRUE,TRUE,TRUE,241494
"167","Eumicrotremus orbis","Eumicrotremus orbis","Eumicrotremus orbis","species","accepted","Teleostei","Perciformes","Cyclopteridae","Eumicrotremus",254535,TRUE,FALSE,FALSE,433392
"168","Lycodapus fierasfer","Lycodapus fierasfer","Lycodapus fierasfer","species","accepted","Teleostei","Perciformes","Zoarcidae","Lycodapus",279389,TRUE,FALSE,FALSE,433411
"169","Xiphister atropurpureus","Xiphister atropurpureus","Xiphister atropurpureus","species","accepted","Teleostei","Perciformes","Stichaeidae","Xiphister",283194,TRUE,FALSE,FALSE,283024
"170","Sagamichthys abei","Sagamichthys abei","Sagamichthys abei","species","accepted","Teleostei","Alepocephaliformes","Platytroctidae","Sagamichthys",234630,TRUE,FALSE,FALSE,319782
"171","Xeneretmus triacanthus","Xeneretmus triacanthus","Xeneretmus triacanthus","species","accepted","Teleostei","Perciformes","Agonidae","Xeneretmus",283174,TRUE,FALSE,FALSE,NA
"172","Odontopyxis trispinosa","Odontopyxis trispinosa","Odontopyxis trispinosa","species","accepted","Teleostei","Perciformes","Agonidae","Odontopyxis",281836,TRUE,FALSE,FALSE,320620
"173","Liparis callyodon","Liparis callyodon","Liparis callyodon","species","accepted","Teleostei","Perciformes","Liparidae","Liparis",274505,TRUE,FALSE,FALSE,980332
"174","Icelinus burchami","Icelinus burchami","Icelinus burchami","species","accepted","Teleostei","Perciformes","Cottidae","Icelinus",281134,TRUE,FALSE,FALSE,305506
"175","Careproctus gilberti","Careproctus gilberti","Careproctus gilberti","species","accepted","Teleostei","Perciformes","Liparidae","Careproctus",367288,TRUE,FALSE,FALSE,NA
"176","Allosmerus elongatus","Allosmerus elongatus","Allosmerus elongatus","species","accepted","Teleostei","Osmeriformes","Osmeridae","Allosmerus",279564,TRUE,FALSE,FALSE,433393
"177","Mallotus villosus","Mallotus villosus","Mallotus villosus","species","accepted","Teleostei","Osmeriformes","Osmeridae","Mallotus",126735,TRUE,TRUE,TRUE,30960
"178","Catostomus catostomus","Catostomus catostomus","Catostomus catostomus","species","accepted","Teleostei","Cypriniformes","Catostomidae","Catostomus",158706,FALSE,TRUE,TRUE,43956
"179","Xiphister mucosus","Xiphister mucosus","Xiphister mucosus","species","accepted","Teleostei","Perciformes","Stichaeidae","Xiphister",283195,TRUE,FALSE,FALSE,283031
"180","Arctozenus risso","Arctozenus risso","Arctozenus risso","species","accepted","Teleostei","Aulopiformes","Paralepididae","Arctozenus",126352,TRUE,FALSE,FALSE,473348
"181","Clinocottus acuticeps","Clinocottus acuticeps","Clinocottus acuticeps","species","accepted","Teleostei","Perciformes","Cottidae","Clinocottus",280218,TRUE,TRUE,TRUE,459045
"182","Lestidiops ringens","Lestidiops ringens","Lestidiops ringens","species","accepted","Teleostei","Aulopiformes","Paralepididae","Lestidiops",272096,TRUE,FALSE,FALSE,319759
"183","Galeorhinus galeus","Galeorhinus galeus","Galeorhinus galeus","species","accepted","Elasmobranchii","Carcharhiniformes","Triakidae","Galeorhinus",105820,TRUE,FALSE,FALSE,86063
"184","Somniosus pacificus","Somniosus pacificus","Somniosus pacificus","species","accepted","Elasmobranchii","Squaliformes","Somniosidae","Somniosus",271654,TRUE,FALSE,FALSE,305516
"185","Lampanyctus ritteri","Lampanyctus ritteri","Lampanyctus ritteri","species","accepted","Teleostei","Myctophiformes","Myctophidae","Lampanyctus",301548,TRUE,FALSE,FALSE,319541
"186","Careproctus cypselurus","Careproctus cypselurus","Careproctus cypselurus","species","accepted","Teleostei","Perciformes","Liparidae","Careproctus",274421,TRUE,FALSE,FALSE,433400
"187","Anoplagonus inermis","Anoplagonus inermis","Anoplagonus inermis","species","accepted","Teleostei","Perciformes","Agonidae","Anoplagonus",279630,TRUE,FALSE,FALSE,1154603
"188","Ptilichthys goodei","Ptilichthys goodei","Ptilichthys goodei","species","accepted","Teleostei","Perciformes","Ptilichthyidae","Ptilichthys",282508,TRUE,FALSE,FALSE,641289
"189","Chirolophis decoratus","Chirolophis decoratus","Chirolophis decoratus","species","accepted","Teleostei","Perciformes","Stichaeidae","Chirolophis",254576,TRUE,FALSE,FALSE,320615
"190","Phytichthys chirus","Phytichthys chirus","Phytichthys chirus","species","accepted","Teleostei","Perciformes","Stichaeidae","Phytichthys",282255,TRUE,FALSE,FALSE,1738904
"191","Sebastes diaconus","Sebastes diaconus","Sebastes diaconus","species","accepted","Teleostei","Perciformes","Sebastidae","Sebastes",1384909,TRUE,FALSE,FALSE,2603974
"192","Sebastes melanostomus","Sebastes melanostomus","Sebastes melanostomus","species","accepted","Teleostei","Perciformes","Sebastidae","Sebastes",274819,TRUE,FALSE,FALSE,72086
"193","Cryptacanthodes giganteus","Cryptacanthodes giganteus","Cryptacanthodes giganteus","species","accepted","Teleostei","Perciformes","Cryptacanthodidae","Cryptacanthodes",276392,TRUE,FALSE,FALSE,433379
"194","Pallasina barbata","Pallasina barbata","Pallasina barbata","species","accepted","Teleostei","Perciformes","Agonidae","Pallasina",254396,TRUE,FALSE,FALSE,740932
"195","Bathymaster caeruleofasciatus","Bathymaster caeruleofasciatus","Bathymaster caeruleofasciatus","species","accepted","Teleostei","Perciformes","Bathymasteridae","Bathymaster",279415,TRUE,FALSE,FALSE,1188226
"196","Porichthys notatus","Porichthys notatus","Porichthys notatus","species","accepted","Teleostei","Batrachoidiformes","Batrachoididae","Porichthys",275658,TRUE,FALSE,FALSE,45384
"197","Icelus spiniger","Icelus spiniger","Icelus spiniger","species","accepted","Teleostei","Perciformes","Cottidae","Icelus",254525,TRUE,FALSE,FALSE,557345
"198","Liparis florae","Liparis florae","Liparis florae","species","accepted","Teleostei","Perciformes","Liparidae","Liparis",274513,TRUE,FALSE,FALSE,320618
"199","Sebastes auriculatus","Sebastes auriculatus","Sebastes auriculatus","species","accepted","Teleostei","Perciformes","Sebastidae","Sebastes",274773,TRUE,FALSE,FALSE,72057
"200","Caliraja stellulata","Caliraja stellulata","Caliraja stellulata","species","accepted","Elasmobranchii","Rajiformes","Rajidae","Caliraja",1803740,TRUE,FALSE,FALSE,NA
"201","Allocareproctus jordani","Allocareproctus jordani","Allocareproctus jordani","species","accepted","Teleostei","Perciformes","Liparidae","Allocareproctus",279555,TRUE,FALSE,FALSE,1696904
"202","Lycodes beringi","Lycodes beringi","Lycodes beringi","species","accepted","Teleostei","Perciformes","Zoarcidae","Lycodes",398582,TRUE,FALSE,FALSE,215428
"203","Reinhardtius hippoglossoides","Reinhardtius hippoglossoides","Reinhardtius hippoglossoides","species","accepted","Teleostei","Pleuronectiformes","Pleuronectidae","Reinhardtius",127144,TRUE,FALSE,FALSE,111784
"204","Brachyistius frenatus","Brachyistius frenatus","Brachyistius frenatus","species","accepted","Teleostei","Ovalentaria incertae sedis","Embiotocidae","Brachyistius",240721,TRUE,FALSE,FALSE,100188
"205","Chesnonia verrucosa","Chesnonia verrucosa","Chesnonia verrucosa","species","accepted","Teleostei","Perciformes","Agonidae","Chesnonia",254507,TRUE,FALSE,FALSE,740928
"206","Sebastes ciliatus","Sebastes ciliatus","Sebastes ciliatus","species","accepted","Teleostei","Perciformes","Sebastidae","Sebastes",274782,TRUE,FALSE,FALSE,72065
"207","Aristostomias scintillans","Aristostomias scintillans","Aristostomias scintillans","species","accepted","Teleostei","Stomiiformes","Stomiidae","Aristostomias",275007,TRUE,FALSE,FALSE,319440
"208","Ascelichthys rhodorus","Ascelichthys rhodorus","Ascelichthys rhodorus","species","accepted","Teleostei","Perciformes","Cottidae","Ascelichthys",279706,TRUE,FALSE,FALSE,1738886
"209","Liparis dennyi","Liparis dennyi","Liparis dennyi","species","accepted","Teleostei","Perciformes","Liparidae","Liparis",254550,TRUE,FALSE,FALSE,433403
"210","Oncorhynchus clarkii","Oncorhynchus clarkii","Oncorhynchus clarkii","species","accepted","Teleostei","Salmoniformes","Salmonidae","Oncorhynchus",274347,TRUE,TRUE,TRUE,30962
"211","Rhamphocottus richardsonii","Rhamphocottus richardsonii","Rhamphocottus richardsonii","species","accepted","Teleostei","Perciformes","Rhamphocottidae","Rhamphocottus",282578,TRUE,FALSE,FALSE,283636
"212","Lamna ditropis","Lamna ditropis","Lamna ditropis","species","accepted","Elasmobranchii","Lamniformes","Lamnidae","Lamna",271421,TRUE,FALSE,FALSE,38578
"213","Embiotoca lateralis","Embiotoca lateralis","Embiotoca lateralis","species","accepted","Teleostei","Ovalentaria incertae sedis","Embiotocidae","Embiotoca",240740,TRUE,FALSE,FALSE,229144
"214","Paraliparis deani","Paraliparis deani","Paraliparis deani","species","accepted","Teleostei","Perciformes","Liparidae","Paraliparis",274570,TRUE,FALSE,FALSE,NA
"215","Eptatretus stoutii","Eptatretus stoutii","Eptatretus stoutii","species","accepted","Myxini","Myxiniformes","Myxinidae","Eptatretus",279298,TRUE,FALSE,FALSE,7765
"216","Artedius harringtoni","Artedius harringtoni","Artedius harringtoni","species","accepted","Teleostei","Perciformes","Cottidae","Artedius",279701,TRUE,FALSE,FALSE,433399
"217","Hypomesus pretiosus","Hypomesus pretiosus","Hypomesus pretiosus","species","accepted","Teleostei","Osmeriformes","Osmeridae","Hypomesus",279422,TRUE,TRUE,FALSE,300346
"218","Ruscarius meanyi","Ruscarius meanyi","Ruscarius meanyi","species","accepted","Teleostei","Perciformes","Cottidae","Ruscarius",282637,TRUE,FALSE,FALSE,459053
"219","Avocettina infans","Avocettina infans","Avocettina infans","species","accepted","Teleostei","Anguilliformes","Nemichthyidae","Avocettina",126304,TRUE,FALSE,FALSE,121280
"220","Nemichthys scolopaceus","Nemichthys scolopaceus","Nemichthys scolopaceus","species","accepted","Teleostei","Anguilliformes","Nemichthyidae","Nemichthys",126306,TRUE,FALSE,FALSE,118170
"221","Atheresthes evermanni","Atheresthes evermanni","Atheresthes evermanni","species","accepted","Teleostei","Pleuronectiformes","Pleuronectidae","Atheresthes",279791,TRUE,FALSE,FALSE,195645
"222","Clinocottus embryum","Clinocottus embryum","Clinocottus embryum","species","accepted","Teleostei","Perciformes","Cottidae","Clinocottus",280220,TRUE,FALSE,FALSE,459046
"223","Bothrocara molle","Bothrocara molle","Bothrocara molle","species","accepted","Teleostei","Perciformes","Zoarcidae","Bothrocara",234593,TRUE,FALSE,FALSE,390675
"224","Careproctus colletti","Careproctus colletti","Careproctus colletti","species","accepted","Teleostei","Perciformes","Liparidae","Careproctus",254547,TRUE,FALSE,FALSE,796014
"225","Melamphaes lugubris","Melamphaes lugubris","Melamphaes lugubris","species","accepted","Teleostei","Beryciformes","Melamphaidae","Melamphaes",274932,TRUE,FALSE,FALSE,319444
"226","Oligocottus snyderi","Oligocottus snyderi","Oligocottus snyderi","species","accepted","Teleostei","Perciformes","Cottidae","Oligocottus",281875,TRUE,FALSE,FALSE,459052
"227","Enophrys lucasi","Enophrys lucasi","Enophrys lucasi","species","accepted","Teleostei","Perciformes","Cottidae","Enophrys",254518,TRUE,FALSE,FALSE,980327
"228","Trachurus symmetricus","Trachurus symmetricus","Trachurus symmetricus","species","accepted","Teleostei","Carangiformes","Carangidae","Trachurus",273305,TRUE,FALSE,FALSE,271940
"229","Tarletonbeania taylori","Tarletonbeania taylori","Tarletonbeania taylori","species","accepted","Teleostei","Myctophiformes","Myctophidae","Tarletonbeania",282928,TRUE,FALSE,FALSE,123347
"230","Anotopterus nikparini","Anotopterus nikparini","Anotopterus nikparini","species","accepted","Teleostei","Aulopiformes","Anotopteridae","Anotopterus",272040,TRUE,FALSE,FALSE,557333
"231","Macropinna microstoma","Macropinna microstoma","Macropinna microstoma","species","accepted","Teleostei","Argentiniformes","Opisthoproctidae","Macropinna",281482,TRUE,FALSE,FALSE,557410
"232","Scopelosaurus adleri","Scopelosaurus adleri","Scopelosaurus adleri","species","accepted","Teleostei","Aulopiformes","Notosudidae","Scopelosaurus",254552,TRUE,FALSE,FALSE,NA
"233","Rhinogobiops nicholsii","Rhinogobiops nicholsii","Rhinogobiops nicholsii","species","accepted","Teleostei","Gobiiformes","Gobiidae","Rhinogobiops",282580,TRUE,FALSE,FALSE,151723
"234","Carcharodon carcharias","Carcharodon carcharias","Carcharodon carcharias","species","accepted","Elasmobranchii","Lamniformes","Lamnidae","Carcharodon",105838,TRUE,TRUE,FALSE,13397
"235","Careproctus scottae","Careproctus scottae","Careproctus scottae","species","accepted","Teleostei","Perciformes","Liparidae","Careproctus",274470,TRUE,FALSE,FALSE,1837949
"236","Clinocottus globiceps","Clinocottus globiceps","Clinocottus globiceps","species","accepted","Teleostei","Perciformes","Cottidae","Clinocottus",280221,TRUE,FALSE,FALSE,459047
"237","Phanerodon vacca","Phanerodon vacca","Phanerodon vacca","species","accepted","Teleostei","Ovalentaria incertae sedis","Embiotocidae","Phanerodon",1577347,TRUE,FALSE,FALSE,2838341
"238","Scopelosaurus harryi","Scopelosaurus harryi","Scopelosaurus harryi","species","accepted","Teleostei","Aulopiformes","Notosudidae","Scopelosaurus",272082,TRUE,FALSE,FALSE,319750
"239","Asemichthys taylori","Asemichthys taylori","Asemichthys taylori","species","accepted","Teleostei","Perciformes","Cottidae","Asemichthys",316433,TRUE,FALSE,FALSE,1638735
"240","Oneirodes thompsoni","Oneirodes thompsoni","Oneirodes thompsoni","species","accepted","Teleostei","Lophiiformes","Oneirodidae","Oneirodes",254554,TRUE,FALSE,FALSE,412658
"241","Chirolophis nugator","Chirolophis nugator","Chirolophis nugator","species","accepted","Teleostei","Perciformes","Stichaeidae","Chirolophis",254577,TRUE,FALSE,FALSE,433395
"242","Alepocephalus tenebrosus","Alepocephalus tenebrosus","Alepocephalus tenebrosus","species","accepted","Teleostei","Alepocephaliformes","Alepocephalidae","Alepocephalus",272849,TRUE,FALSE,FALSE,170189
"243","Liparis cyclopus","Liparis cyclopus","Liparis cyclopus","species","accepted","Teleostei","Perciformes","Liparidae","Liparis",274509,TRUE,FALSE,FALSE,1772089
"244","Sebastes mystinus","Sebastes mystinus","Sebastes mystinus","species","accepted","Teleostei","Perciformes","Sebastidae","Sebastes",274823,TRUE,FALSE,FALSE,72088
"245","Liparis mucosus","Liparis mucosus","Liparis mucosus","species","accepted","Teleostei","Perciformes","Liparidae","Liparis",274527,TRUE,FALSE,FALSE,274786
"246","Icichthys lockingtoni","Icichthys lockingtoni","Icichthys lockingtoni","species","accepted","Teleostei","Scombriformes","Centrolophidae","Icichthys",279354,TRUE,FALSE,FALSE,302051
"247","Rimicola muscarum","Rimicola muscarum","Rimicola muscarum","species","accepted","Teleostei","Gobiesociformes","Gobiesocidae","Rimicola",282617,TRUE,FALSE,FALSE,557417
"248","Scytalina cerdale","Scytalina cerdale","Scytalina cerdale","species","accepted","Teleostei","Perciformes","Scytalinidae","Scytalina",254370,TRUE,FALSE,FALSE,2893505
"249","Blepsias bilobus","Blepsias bilobus","Blepsias bilobus","species","accepted","Teleostei","Perciformes","Hemitripteridae","Blepsias",254540,TRUE,FALSE,FALSE,980325
"250","Zesticelus profundorum","Zesticelus profundorum","Zesticelus profundorum","species","accepted","Teleostei","Perciformes","Cottidae","Zesticelus",283218,TRUE,FALSE,FALSE,740938
"251","Gymnocanthus galeatus","Gymnocanthus galeatus","Gymnocanthus galeatus","species","accepted","Teleostei","Perciformes","Cottidae","Gymnocanthus",254514,TRUE,FALSE,FALSE,980328
"252","Anisarchus medius","Anisarchus medius","Anisarchus medius","species","accepted","Teleostei","Perciformes","Lumpenidae","Anisarchus",127070,TRUE,FALSE,FALSE,980385
"253","Myoxocephalus scorpius","Myoxocephalus scorpius","Myoxocephalus scorpius","species","accepted","Teleostei","Perciformes","Cottidae","Myoxocephalus",127203,TRUE,TRUE,FALSE,8097
"254","Stichaeus punctatus","Stichaeus punctatus","Stichaeus punctatus","species","accepted","Teleostei","Perciformes","Stichaeidae","Stichaeus",159819,TRUE,FALSE,FALSE,980344
"255","Oxylebius pictus","Oxylebius pictus","Oxylebius pictus","species","accepted","Teleostei","Perciformes","Hexagrammidae","Oxylebius",240743,TRUE,FALSE,FALSE,283620
"256","Nemichthys larseni","Nemichthys larseni","Nemichthys larseni","species","accepted","Teleostei","Anguilliformes","Nemichthyidae","Nemichthys",271905,TRUE,FALSE,FALSE,557354
"257","Pholis schultzi","Pholis schultzi","Pholis schultzi","species","accepted","Teleostei","Perciformes","Pholidae","Pholis",273693,TRUE,FALSE,FALSE,NA
"258","Careproctus spectrum","Careproctus spectrum","Careproctus spectrum","species","accepted","Teleostei","Perciformes","Liparidae","Careproctus",274477,TRUE,FALSE,FALSE,NA
"259","Liparis rutteri","Liparis rutteri","Liparis rutteri","species","accepted","Teleostei","Perciformes","Liparidae","Liparis",274538,TRUE,FALSE,FALSE,572250
"260","Synchirus gilli","Synchirus gilli","Synchirus gilli","species","accepted","Teleostei","Perciformes","Cottidae","Synchirus",282921,TRUE,FALSE,FALSE,740936
"261","Leuroglossus stilbius","Leuroglossus stilbius","Leuroglossus stilbius","species","accepted","Teleostei","Argentiniformes","Bathylagidae","Leuroglossus",313514,TRUE,FALSE,FALSE,301819
"262","Hypsagonus quadricornis","Hypsagonus quadricornis","Hypsagonus quadricornis","species","accepted","Teleostei","Perciformes","Agonidae","Hypsagonus",254508,TRUE,FALSE,FALSE,274775
"263","Hexagrammos octogrammus","Hexagrammos octogrammus","Hexagrammos octogrammus","species","accepted","Teleostei","Perciformes","Hexagrammidae","Hexagrammos",254544,TRUE,FALSE,FALSE,192375
"264","Careproctus furcellus","Careproctus furcellus","Careproctus furcellus","species","accepted","Teleostei","Perciformes","Liparidae","Careproctus",254548,TRUE,FALSE,FALSE,557342
"265","Bothragonus swanii","Bothragonus swanii","Bothragonus swanii","species","accepted","Teleostei","Perciformes","Agonidae","Bothragonus",279947,TRUE,FALSE,FALSE,1154617
"266","Notacanthus chemnitzii","Notacanthus chemnitzii","Notacanthus chemnitzii","species","accepted","Teleostei","Notacanthiformes","Notacanthidae","Notacanthus",126643,TRUE,FALSE,FALSE,143895
"267","Mola mola","Mola mola","Mola mola","species","accepted","Teleostei","Tetraodontiformes","Molidae","Mola",127405,TRUE,FALSE,FALSE,94237
"268","Engraulis mordax","Engraulis mordax","Engraulis mordax","species","accepted","Teleostei","Clupeiformes","Engraulidae","Engraulis",272286,TRUE,FALSE,FALSE,239368
"269","Pholis clemensi","Pholis clemensi","Pholis clemensi","species","accepted","Teleostei","Perciformes","Pholidae","Pholis",273686,TRUE,FALSE,FALSE,740703
"270","Lethenteron camtschaticum","Lethenteron camtschaticum","Lethenteron camtschaticum","species","accepted","Petromyzonti","Petromyzontiformes","Petromyzontidae","Lethenteron",101173,TRUE,TRUE,TRUE,980415
"271","Hexanchus griseus","Hexanchus griseus","Hexanchus griseus","species","accepted","Elasmobranchii","Hexanchiformes","Hexanchidae","Hexanchus",105833,TRUE,FALSE,FALSE,94987
"272","Liparis gibbus","Liparis gibbus","Liparis gibbus","species","accepted","Teleostei","Perciformes","Liparidae","Liparis",159526,TRUE,FALSE,FALSE,255718
"273","Triglops scepticus","Triglops scepticus","Triglops scepticus","species","accepted","Teleostei","Perciformes","Cottidae","Triglops",254531,TRUE,FALSE,FALSE,274770
"274","Lipariscus nanus","Lipariscus nanus","Lipariscus nanus","species","accepted","Teleostei","Perciformes","Liparidae","Lipariscus",281365,TRUE,FALSE,FALSE,557405
"275","Lumpenopsis hypochroma","Lumpenopsis hypochroma","Lumpenopsis hypochroma","species","accepted","Teleostei","Perciformes","Stichaeidae","Lumpenopsis",281437,TRUE,FALSE,FALSE,NA
"276","Radulinus boleoides","Radulinus boleoides","Radulinus boleoides","species","accepted","Teleostei","Perciformes","Cottidae","Radulinus",282542,TRUE,FALSE,FALSE,980343
"277","Jordania zonope","Jordania zonope","Jordania zonope","species","accepted","Teleostei","Perciformes","Jordaniidae","Jordania",398459,TRUE,FALSE,FALSE,274764
"278","Amblyraja hyperborea","Amblyraja hyperborea","Amblyraja hyperborea","species","accepted","Elasmobranchii","Rajiformes","Rajidae","Amblyraja",105863,TRUE,FALSE,FALSE,315322
"279","Cyclothone acclinidens","Cyclothone acclinidens","Cyclothone acclinidens","species","accepted","Teleostei","Stomiiformes","Gonostomatidae","Cyclothone",127282,TRUE,FALSE,FALSE,48441
"280","Rhadinesthes decimus","Rhadinesthes decimus","Rhadinesthes decimus","species","accepted","Teleostei","Stomiiformes","Stomiidae","Rhadinesthes",127373,TRUE,FALSE,FALSE,882883
"281","Osmerus dentex","Osmerus dentex","Osmerus dentex","species","accepted","Teleostei","Osmeriformes","Osmeridae","Osmerus",254557,TRUE,TRUE,TRUE,476919
"282","Liparis greeni","Liparis greeni","Liparis greeni","species","accepted","Teleostei","Perciformes","Liparidae","Liparis",274517,TRUE,FALSE,FALSE,1562383
"283","Sebastes chlorostictus","Sebastes chlorostictus","Sebastes chlorostictus","species","accepted","Teleostei","Perciformes","Sebastidae","Sebastes",274781,TRUE,FALSE,FALSE,72064
"284","Anoplarchus insignis","Anoplarchus insignis","Anoplarchus insignis","species","accepted","Teleostei","Perciformes","Stichaeidae","Anoplarchus",279632,TRUE,FALSE,FALSE,1225888
"285","Lepidogobius lepidus","Lepidogobius lepidus","Lepidogobius lepidus","species","accepted","Teleostei","Gobiiformes","Gobiidae","Lepidogobius",281292,TRUE,FALSE,FALSE,185746
"286","Oligocottus rimensis","Oligocottus rimensis","Oligocottus rimensis","species","accepted","Teleostei","Perciformes","Cottidae","Oligocottus",281873,TRUE,FALSE,FALSE,459050
"287","Pleurogrammus monopterygius","Pleurogrammus monopterygius","Pleurogrammus monopterygius","species","accepted","Teleostei","Perciformes","Hexagrammidae","Pleurogrammus",282289,TRUE,FALSE,FALSE,192379
"288","Rhinoliparis barbulifer","Rhinoliparis barbulifer","Rhinoliparis barbulifer","species","accepted","Teleostei","Perciformes","Liparidae","Rhinoliparis",282585,TRUE,FALSE,FALSE,446837
"289","Spirinchus starksi","Spirinchus starksi","Spirinchus starksi","species","accepted","Teleostei","Osmeriformes","Osmeridae","Spirinchus",282843,TRUE,FALSE,FALSE,443727
"290","Magnisudis atlantica","Magnisudis atlantica","Magnisudis atlantica","species","accepted","Teleostei","Aulopiformes","Paralepididae","Magnisudis",126359,TRUE,FALSE,FALSE,319769
"291","Osmerus mordax","Osmerus mordax","Osmerus mordax","species","accepted","Teleostei","Osmeriformes","Osmeridae","Osmerus",126737,TRUE,TRUE,TRUE,8014
"292","Coregonus autumnalis","Coregonus autumnalis","Coregonus autumnalis","species","accepted","Teleostei","Salmoniformes","Salmonidae","Coregonus",127179,TRUE,TRUE,TRUE,27773
"293","Salvelinus alpinus","Salvelinus alpinus","Salvelinus alpinus","species","accepted","Teleostei","Salmoniformes","Salmonidae","Salvelinus",127188,TRUE,TRUE,TRUE,8036
"294","Argyropelecus sladeni","Argyropelecus sladeni","Argyropelecus sladeni","species","accepted","Teleostei","Stomiiformes","Sternoptychidae","Argyropelecus",158837,TRUE,FALSE,FALSE,81870
"295","Phanerodon furcatus","Phanerodon furcatus","Phanerodon furcatus","species","accepted","Teleostei","Ovalentaria incertae sedis","Embiotocidae","Phanerodon",240730,TRUE,FALSE,FALSE,100200
"296","Hexagrammos lagocephalus","Hexagrammos lagocephalus","Hexagrammos lagocephalus","species","accepted","Teleostei","Perciformes","Hexagrammidae","Hexagrammos",240735,TRUE,FALSE,FALSE,192377
"297","Stellerina xyosterna","Stellerina xyosterna","Stellerina xyosterna","species","accepted","Teleostei","Perciformes","Agonidae","Stellerina",254366,TRUE,FALSE,FALSE,283639
"298","Bathyraja violacea","Bathyraja violacea","Bathyraja violacea","species","accepted","Elasmobranchii","Rajiformes","Arhynchobatidae","Bathyraja",271540,TRUE,FALSE,FALSE,392425
"299","Trachipterus altivelis","Trachipterus altivelis","Trachipterus altivelis","species","accepted","Teleostei","Lampriformes","Trachipteridae","Trachipterus",272531,TRUE,FALSE,FALSE,320416
"300","Oneirodes acanthias","Oneirodes acanthias","Oneirodes acanthias","species","accepted","Teleostei","Lophiiformes","Oneirodidae","Oneirodes",272620,TRUE,FALSE,FALSE,242955
"301","Bassozetus zenkevitchi","Bassozetus zenkevitchi","Bassozetus zenkevitchi","species","accepted","Teleostei","Ophidiiformes","Ophidiidae","Bassozetus",272795,TRUE,FALSE,FALSE,181397
"302","Pholis ornata","Pholis ornata","Pholis ornata","species","accepted","Teleostei","Perciformes","Pholidae","Pholis",273692,TRUE,FALSE,FALSE,283028
"303","Chirolophis tarsodes","Chirolophis tarsodes","Chirolophis tarsodes","species","accepted","Teleostei","Perciformes","Stichaeidae","Chirolophis",273991,TRUE,FALSE,FALSE,NA
"304","Sebastes polyspinis","Sebastes polyspinis","Sebastes polyspinis","species","accepted","Teleostei","Perciformes","Sebastidae","Sebastes",274837,TRUE,FALSE,FALSE,394702
"305","Sarda lineolata","Sarda lineolata","Sarda lineolata","species","accepted","Teleostei","Scombriformes","Scombridae","Sarda",304449,TRUE,FALSE,FALSE,NA
"306","Pentaceros wheeleri","Pentaceros wheeleri","Pentaceros wheeleri","species","accepted","Teleostei","Acropomatiformes","Pentacerotidae","Pentaceros",313241,TRUE,FALSE,FALSE,257887
"307","Bathylagoides wesethi","Bathylagoides wesethi","Bathylagoides wesethi","species","accepted","Teleostei","Argentiniformes","Bathylagidae","Bathylagoides",712444,TRUE,FALSE,FALSE,875769
"308","Protomyctophum crockeri","Protomyctophum crockeri","Protomyctophum crockeri","species","accepted","Teleostei","Myctophiformes","Myctophidae","Protomyctophum",272731,TRUE,FALSE,FALSE,91656
"309","Coryphaena hippurus","Coryphaena hippurus","Coryphaena hippurus","species","accepted","Teleostei","Carangiformes","Coryphaenidae","Coryphaena",126846,TRUE,TRUE,FALSE,34814
"310","Morone saxatilis","Morone saxatilis","Morone saxatilis","species","accepted","Teleostei","Eupercaria incertae sedis","Moronidae","Morone",151179,TRUE,TRUE,TRUE,34816
"311","Tetragonurus cuvieri","Tetragonurus cuvieri","Tetragonurus cuvieri","species","accepted","Teleostei","Scombriformes","Tetragonuridae","Tetragonurus",127080,TRUE,FALSE,FALSE,316150
"312","Bathyraja kincaidii","Bathyraja kincaidii","Bathyraja kincaidii","species","accepted","Elasmobranchii","Rajiformes","Arhynchobatidae","Bathyraja",298828,TRUE,FALSE,FALSE,1154593
"313","Anoplogaster cornuta","Anoplogaster cornuta","Anoplogaster cornuta","species","accepted","Teleostei","Trachichthyiformes","Anoplogastridae","Anoplogaster",126393,TRUE,FALSE,FALSE,88656
"314","Lampadena urophaos","Lampadena urophaos","Lampadena urophaos","species","accepted","Teleostei","Myctophiformes","Myctophidae","Lampadena",126609,TRUE,FALSE,FALSE,319455
"315","Salmo trutta","Salmo trutta","Salmo trutta","species","accepted","Teleostei","Salmoniformes","Salmonidae","Salmo",127187,TRUE,TRUE,TRUE,8032
"316","Apodichthys fucorum","Apodichthys fucorum","Apodichthys fucorum","species","accepted","Teleostei","Perciformes","Pholidae","Apodichthys",279665,TRUE,FALSE,FALSE,57780
"317","Chilara taylori","Chilara taylori","Chilara taylori","species","accepted","Teleostei","Ophidiiformes","Ophidiidae","Chilara",280146,TRUE,TRUE,FALSE,274688
"318","Idiacanthus antrostomus","Idiacanthus antrostomus","Idiacanthus antrostomus","species","accepted","Teleostei","Stomiiformes","Stomiidae","Idiacanthus",275151,TRUE,FALSE,FALSE,314241
"319","Danaphos oculatus","Danaphos oculatus","Danaphos oculatus","species","accepted","Teleostei","Stomiiformes","Sternoptychidae","Danaphos",280483,TRUE,FALSE,FALSE,875787
"320","Peprilus simillimus","Peprilus simillimus","Peprilus simillimus","species","accepted","Teleostei","Scombriformes","Stromateidae","Peprilus",276563,TRUE,FALSE,FALSE,320412
"321","Clevelandia ios","Clevelandia ios","Clevelandia ios","species","accepted","Teleostei","Gobiiformes","Gobiidae","Clevelandia",280215,TRUE,TRUE,FALSE,185732
"322","Aphanopus arigato","Aphanopus arigato","Aphanopus arigato","species","accepted","Teleostei","Scombriformes","Trichiuridae","Aphanopus",274008,TRUE,FALSE,FALSE,1154592
"323","Argyropelecus lychnus","Argyropelecus lychnus","Argyropelecus lychnus","species","accepted","Teleostei","Stomiiformes","Sternoptychidae","Argyropelecus",158836,TRUE,FALSE,FALSE,875771
"324","Liparis adiastolus","Liparis adiastolus","Liparis adiastolus","species","accepted","Teleostei","Perciformes","Liparidae","Liparis",274498,TRUE,FALSE,FALSE,NA
"325","Opostomias mitsuii","Opostomias mitsuii","Opostomias mitsuii","species","accepted","Teleostei","Stomiiformes","Stomiidae","Opostomias",281926,TRUE,FALSE,FALSE,1604631
"326","Sebastes chrysomelas","Sebastes chrysomelas","Sebastes chrysomelas","species","accepted","Teleostei","Perciformes","Sebastidae","Sebastes",240737,TRUE,FALSE,FALSE,394688
"327","Cebidichthys violaceus","Cebidichthys violaceus","Cebidichthys violaceus","species","accepted","Teleostei","Perciformes","Cebidichthyidae","Cebidichthys",280053,TRUE,FALSE,FALSE,271503
"328","Plectobranchus evides","Plectobranchus evides","Plectobranchus evides","species","accepted","Teleostei","Perciformes","Stichaeidae","Plectobranchus",282283,TRUE,FALSE,FALSE,57849
"329","Sebastes rastrelliger","Sebastes rastrelliger","Sebastes rastrelliger","species","accepted","Teleostei","Perciformes","Sebastidae","Sebastes",274839,TRUE,FALSE,FALSE,72095
"330","Beringraja inornata","Beringraja inornata","Beringraja inornata","species","accepted","Elasmobranchii","Rajiformes","Rajidae","Beringraja",1461134,TRUE,FALSE,FALSE,2838339
"331","Sebastes carnatus","Sebastes carnatus","Sebastes carnatus","species","accepted","Teleostei","Perciformes","Sebastidae","Sebastes",274779,TRUE,FALSE,FALSE,72062
"332","Lyconema barbatum","Lyconema barbatum","Lyconema barbatum","species","accepted","Teleostei","Perciformes","Zoarcidae","Lyconema",281449,TRUE,FALSE,FALSE,320593
"333","Alepisaurus ferox","Alepisaurus ferox","Alepisaurus ferox","species","accepted","Teleostei","Aulopiformes","Alepisauridae","Alepisaurus",126333,TRUE,FALSE,FALSE,88653
"334","Ceratoscopelus townsendi","Ceratoscopelus townsendi","Ceratoscopelus townsendi","species","accepted","Teleostei","Myctophiformes","Myctophidae","Ceratoscopelus",272656,TRUE,FALSE,FALSE,875772
"335","Argentina sialis","Argentina sialis","Argentina sialis","species","accepted","Teleostei","Argentiniformes","Argentinidae","Argentina",272897,TRUE,TRUE,FALSE,260512
"336","Benthodesmus pacificus","Benthodesmus pacificus","Benthodesmus pacificus","species","accepted","Teleostei","Scombriformes","Trichiuridae","Benthodesmus",274013,TRUE,FALSE,FALSE,1738883
"337","Brosmophycis marginata","Brosmophycis marginata","Brosmophycis marginata","species","accepted","Teleostei","Ophidiiformes","Bythitidae","Brosmophycis",280000,TRUE,FALSE,FALSE,334377
"338","Hyperprosopon ellipticum","Hyperprosopon ellipticum","Hyperprosopon ellipticum","species","accepted","Teleostei","Ovalentaria incertae sedis","Embiotocidae","Hyperprosopon",281099,TRUE,FALSE,FALSE,1045556
"339","Salvelinus fontinalis","Salvelinus fontinalis","Salvelinus fontinalis","species","accepted","Teleostei","Salmoniformes","Salmonidae","Salvelinus",154241,TRUE,TRUE,TRUE,8038
"340","Physiculus rastrelliger","Physiculus rastrelliger","Physiculus rastrelliger","species","accepted","Teleostei","Gadiformes","Moridae","Physiculus",272510,TRUE,FALSE,FALSE,740704
"341","Poromitra curilensis","Poromitra curilensis","Poromitra curilensis","species","accepted","Teleostei","Beryciformes","Melamphaidae","Poromitra",474945,TRUE,FALSE,FALSE,1828457
"342","Thunnus alalunga","Thunnus alalunga","Thunnus alalunga","species","accepted","Teleostei","Scombriformes","Scombridae","Thunnus",127026,TRUE,FALSE,FALSE,NA
"343","Barbourisia rufa","Barbourisia rufa","Barbourisia rufa","species","accepted","Teleostei","Beryciformes","Barbourisiidae","Barbourisia",159425,TRUE,FALSE,FALSE,88660
"344","Paralichthys californicus","Paralichthys californicus","Paralichthys californicus","species","accepted","Teleostei","Pleuronectiformes","Paralichthyidae","Paralichthys",275809,TRUE,TRUE,FALSE,319776
"345","Clidoderma asperrimum","Clidoderma asperrimum","Clidoderma asperrimum","species","accepted","Teleostei","Pleuronectiformes","Pleuronectidae","Clidoderma",280216,TRUE,FALSE,FALSE,255560
"346","Zaniolepis frenata","Zaniolepis frenata","Zaniolepis frenata","species","accepted","Teleostei","Perciformes","Zaniolepididae","Zaniolepis",283208,TRUE,FALSE,FALSE,274743
"347","Sigmops gracilis","Sigmops gracilis","Sigmops gracilis","species","accepted","Teleostei","Stomiiformes","Gonostomatidae","Sigmops",279336,TRUE,FALSE,FALSE,48457
"348","Amphistichus rhodoterus","Amphistichus rhodoterus","Amphistichus rhodoterus","species","accepted","Teleostei","Ovalentaria incertae sedis","Embiotocidae","Amphistichus",279596,TRUE,TRUE,FALSE,72546
"349","Taractes asper","Taractes asper","Taractes asper","species","accepted","Teleostei","Scombriformes","Bramidae","Taractes",126786,TRUE,FALSE,FALSE,302046
"350","Cyclothone signata","Cyclothone signata","Cyclothone signata","species","accepted","Teleostei","Stomiiformes","Gonostomatidae","Cyclothone",154831,TRUE,FALSE,FALSE,48453
"351","Lycodapus parviceps","Lycodapus parviceps","Lycodapus parviceps","species","accepted","Teleostei","Perciformes","Zoarcidae","Lycodapus",279393,TRUE,FALSE,FALSE,1772030
"352","Tetronarce californica","Tetronarce californica","Tetronarce californica","species","accepted","Elasmobranchii","Torpediniformes","Torpedinidae","Tetronarce",845703,TRUE,FALSE,FALSE,7787
"353","Gibbonsia montereyensis","Gibbonsia montereyensis","Gibbonsia montereyensis","species","accepted","Teleostei","Blenniiformes","Clinidae","Gibbonsia",280836,TRUE,FALSE,FALSE,57803
"354","Caulophryne jordani","Caulophryne jordani","Caulophryne jordani","species","accepted","Teleostei","Lophiiformes","Caulophrynidae","Caulophryne",126534,TRUE,FALSE,FALSE,717990
"355","Sebastes rosaceus","Sebastes rosaceus","Sebastes rosaceus","species","accepted","Teleostei","Perciformes","Sebastidae","Sebastes",274841,TRUE,FALSE,FALSE,72096
"356","Amphistichus koelzi","Amphistichus koelzi","Amphistichus koelzi","species","accepted","Teleostei","Ovalentaria incertae sedis","Embiotocidae","Amphistichus",279595,TRUE,FALSE,FALSE,1045555
"357","Parvilux ingens","Parvilux ingens","Parvilux ingens","species","accepted","Teleostei","Myctophiformes","Myctophidae","Parvilux",282178,TRUE,FALSE,FALSE,717805
"358","Diretmoides pauciradiatus","Diretmoides pauciradiatus","Diretmoides pauciradiatus","species","accepted","Teleostei","Trachichthyiformes","Diretmidae","Diretmoides",126397,TRUE,FALSE,FALSE,1415272
"359","Bajacalifornia megalops","Bajacalifornia megalops","Bajacalifornia megalops","species","accepted","Teleostei","Alepocephaliformes","Alepocephalidae","Bajacalifornia",126687,TRUE,FALSE,FALSE,492034
"360","Genyonemus lineatus","Genyonemus lineatus","Genyonemus lineatus","species","accepted","Teleostei","Eupercaria incertae sedis","Sciaenidae","Genyonemus",280830,TRUE,FALSE,FALSE,320395
"361","Medialuna californiensis","Medialuna californiensis","Medialuna californiensis","species","accepted","Teleostei","Centrarchiformes","Scorpididae","Medialuna",281541,TRUE,FALSE,FALSE,314243
"362","Alopias vulpinus","Alopias vulpinus","Alopias vulpinus","species","accepted","Elasmobranchii","Lamniformes","Alopiidae","Alopias",105836,TRUE,FALSE,FALSE,7852
"363","Loweina rara","Loweina rara","Loweina rara","species","accepted","Teleostei","Myctophiformes","Myctophidae","Loweina",126625,TRUE,FALSE,FALSE,1519984
"364","Lepidopus fitchi","Lepidopus fitchi","Lepidopus fitchi","species","accepted","Teleostei","Scombriformes","Trichiuridae","Lepidopus",274018,TRUE,FALSE,FALSE,515182
"365","Caulolatilus princeps","Caulolatilus princeps","Caulolatilus princeps","species","accepted","Teleostei","Eupercaria incertae sedis","Malacanthidae","Caulolatilus",276217,TRUE,FALSE,FALSE,319437
"366","Clinocottus recalvus","Clinocottus recalvus","Clinocottus recalvus","species","accepted","Teleostei","Perciformes","Cottidae","Clinocottus",280222,TRUE,FALSE,FALSE,283633
"367","Zaniolepis latipinnis","Zaniolepis latipinnis","Zaniolepis latipinnis","species","accepted","Teleostei","Perciformes","Zaniolepididae","Zaniolepis",283209,TRUE,FALSE,FALSE,283621
"368","Symphurus atricauda","Symphurus atricauda","Symphurus atricauda","species","accepted","Teleostei","Pleuronectiformes","Cynoglossidae","Symphurus",305635,TRUE,FALSE,FALSE,NA
"369","Argyropelecus affinis","Argyropelecus affinis","Argyropelecus affinis","species","accepted","Teleostei","Stomiiformes","Sternoptychidae","Argyropelecus",127307,TRUE,FALSE,FALSE,81869
"370","Atherinops affinis","Atherinops affinis","Atherinops affinis","species","accepted","Teleostei","Atheriniformes","Atherinidae","Atherinops",279812,TRUE,TRUE,FALSE,238741
"371","Icelinus fimbriatus","Icelinus fimbriatus","Icelinus fimbriatus","species","accepted","Teleostei","Perciformes","Cottidae","Icelinus",281137,TRUE,FALSE,FALSE,320611
"372","Xenomystax atrarius","Xenomystax atrarius","Xenomystax atrarius","species","accepted","Teleostei","Anguilliformes","Congridae","Xenomystax",283188,TRUE,FALSE,FALSE,2048767
"373","Hyperprosopon argenteum","Hyperprosopon argenteum","Hyperprosopon argenteum","species","accepted","Teleostei","Ovalentaria incertae sedis","Embiotocidae","Hyperprosopon",281098,TRUE,FALSE,FALSE,100192
"374","Nautichthys robustus","Nautichthys robustus","Nautichthys robustus","species","accepted","Teleostei","Perciformes","Hemitripteridae","Nautichthys",254401,TRUE,FALSE,FALSE,557353
"375","Seriphus politus","Seriphus politus","Seriphus politus","species","accepted","Teleostei","Eupercaria incertae sedis","Sciaenidae","Seriphus",282761,TRUE,FALSE,FALSE,515231
"376","Pholis fasciata","Pholis fasciata","Pholis fasciata","species","accepted","Teleostei","Perciformes","Pholidae","Pholis",159846,TRUE,FALSE,FALSE,980340
"377","Agonomalus mozinoi","Agonomalus mozinoi","Agonomalus mozinoi","species","accepted","Teleostei","Perciformes","Agonidae","Agonomalus",279517,TRUE,FALSE,FALSE,2838345
"378","Acantholumpenus mackayi","Acantholumpenus mackayi","Acantholumpenus mackayi","species","accepted","Teleostei","Perciformes","Lumpenidae","Acantholumpenus",249703,TRUE,TRUE,FALSE,1049575
"379","Triakis semifasciata","Triakis semifasciata","Triakis semifasciata","species","accepted","Elasmobranchii","Carcharhiniformes","Triakidae","Triakis",279060,TRUE,TRUE,FALSE,30493
