"","accepted_name","verbatim_name","taxonomic_status","species","taxon_rank","class","order","family","genus","is_marine","is_brackish","is_freshwater","taxon_id","ncbi_id","fishbase_name"
"1","Clupea pallasii","Clupea pallasii","accepted","Clupea pallasii","species","Teleostei","Clupeiformes","Clupeidae","Clupea",TRUE,TRUE,TRUE,151159,30724,"Clupea pallasii"
"2","Parophrys vetulus","Parophrys vetulus","accepted","Parophrys vetulus","species","Teleostei","Pleuronectiformes","Pleuronectidae","Parophrys",TRUE,FALSE,FALSE,254393,172659,"Parophrys vetulus"
"3","Atheresthes stomias","Atheresthes stomias","accepted","Atheresthes stomias","species","Teleostei","Pleuronectiformes","Pleuronectidae","Atheresthes",TRUE,FALSE,FALSE,279792,428034,"Atheresthes stomias"
"4","Glyptocephalus zachirus","Glyptocephalus zachirus","accepted","Glyptocephalus zachirus","species","Teleostei","Pleuronectiformes","Pleuronectidae","Glyptocephalus",TRUE,FALSE,FALSE,274287,195612,"Glyptocephalus zachirus"
"5","Microstomus pacificus","Microstomus pacificus","accepted","Microstomus pacificus","species","Teleostei","Pleuronectiformes","Pleuronectidae","Microstomus",TRUE,FALSE,FALSE,274294,89058,"Microstomus pacificus"
"6","Hydrolagus colliei","Hydrolagus colliei","accepted","Hydrolagus colliei","species","Holocephali","Chimaeriformes","Chimaeridae","Hydrolagus",TRUE,FALSE,FALSE,271406,7873,"Hydrolagus colliei"
"7","Lepidopsetta bilineata","Lepidopsetta bilineata","accepted","Lepidopsetta bilineata","species","Teleostei","Pleuronectiformes","Pleuronectidae","Lepidopsetta",TRUE,FALSE,FALSE,281305,195623,"Lepidopsetta bilineata"
"8","Sebastes alutus","Sebastes alutus","accepted","Sebastes alutus","species","Teleostei","Perciformes","Sebastidae","Sebastes",TRUE,FALSE,FALSE,254573,72055,"Sebastes alutus"
"9","Oncorhynchus nerka","Oncorhynchus nerka","accepted","Oncorhynchus nerka","species","Teleostei","Salmoniformes","Salmonidae","Oncorhynchus",TRUE,TRUE,TRUE,254569,8023,"Oncorhynchus nerka"
"10","Sebastolobus alascanus","Sebastolobus alascanus","accepted","Sebastolobus alascanus","species","Teleostei","Perciformes","Sebastidae","Sebastolobus",TRUE,FALSE,FALSE,282740,72110,"Sebastolobus alascanus"
"11","Thaleichthys pacificus","Thaleichthys pacificus","accepted","Thaleichthys pacificus","species","Teleostei","Osmeriformes","Osmeridae","Thaleichthys",TRUE,TRUE,TRUE,282959,240832,"Thaleichthys pacificus"
"12","Oncorhynchus kisutch","Oncorhynchus kisutch","accepted","Oncorhynchus kisutch","species","Teleostei","Salmoniformes","Salmonidae","Oncorhynchus",TRUE,TRUE,TRUE,127184,8019,"Oncorhynchus kisutch"
"13","Gadus macrocephalus","Gadus macrocephalus","accepted","Gadus macrocephalus","species","Teleostei","Gadiformes","Gadidae","Gadus",TRUE,TRUE,FALSE,254538,80720,"Gadus macrocephalus"
"14","Gadus chalcogrammus","Gadus chalcogrammus","accepted","Gadus chalcogrammus","species","Teleostei","Gadiformes","Gadidae","Gadus",TRUE,TRUE,FALSE,300735,1042646,"Gadus chalcogrammus"
"15","Squalus suckleyi","Squalus suckleyi","accepted","Squalus suckleyi","species","Elasmobranchii","Squaliformes","Squalidae","Squalus",TRUE,TRUE,FALSE,299224,7798,"Squalus suckleyi"
"16","Sebastes ruberrimus","Sebastes ruberrimus","accepted","Sebastes ruberrimus","species","Teleostei","Perciformes","Sebastidae","Sebastes",TRUE,FALSE,FALSE,274844,72098,"Sebastes ruberrimus"
"17","Citharichthys sordidus","Citharichthys sordidus","accepted","Citharichthys sordidus","species","Teleostei","Pleuronectiformes","Paralichthyidae","Citharichthys",TRUE,FALSE,FALSE,275694,319774,"Citharichthys sordidus"
"18","Anoplopoma fimbria","Anoplopoma fimbria","accepted","Anoplopoma fimbria","species","Teleostei","Perciformes","Anoplopomatidae","Anoplopoma",TRUE,FALSE,FALSE,159463,229290,"Anoplopoma fimbria"
"19","Hippoglossoides elassodon","Hippoglossoides elassodon","accepted","Hippoglossoides elassodon","species","Teleostei","Pleuronectiformes","Pleuronectidae","Hippoglossoides",TRUE,FALSE,FALSE,274289,30945,"Hippoglossoides elassodon"
"20","Sebastes maliger","Sebastes maliger","accepted","Sebastes maliger","species","Teleostei","Perciformes","Sebastidae","Sebastes",TRUE,FALSE,FALSE,274815,72084,"Sebastes maliger"
"21","Sebastes brevispinis","Sebastes brevispinis","accepted","Sebastes brevispinis","species","Teleostei","Perciformes","Sebastidae","Sebastes",TRUE,FALSE,FALSE,274778,72060,"Sebastes brevispinis"
"22","Oncorhynchus keta","Oncorhynchus keta","accepted","Oncorhynchus keta","species","Teleostei","Salmoniformes","Salmonidae","Oncorhynchus",TRUE,TRUE,TRUE,127183,8018,"Oncorhynchus keta"
"23","Oncorhynchus gorbuscha","Oncorhynchus gorbuscha","accepted","Oncorhynchus gorbuscha","species","Teleostei","Salmoniformes","Salmonidae","Oncorhynchus",TRUE,TRUE,TRUE,127182,8017,"Oncorhynchus gorbuscha"
"24","Sebastes babcocki","Sebastes babcocki","accepted","Sebastes babcocki","species","Teleostei","Perciformes","Sebastidae","Sebastes",TRUE,FALSE,FALSE,274775,72059,"Sebastes babcocki"
"25","Merluccius productus","Merluccius productus","accepted","Merluccius productus","species","Teleostei","Gadiformes","Merlucciidae","Merluccius",TRUE,TRUE,FALSE,272458,89952,"Merluccius productus"
"26","Sebastes zacentrus","Sebastes zacentrus","accepted","Sebastes zacentrus","species","Teleostei","Perciformes","Sebastidae","Sebastes",TRUE,FALSE,FALSE,274869,72108,"Sebastes zacentrus"
"27","Sebastes proriger","Sebastes proriger","accepted","Sebastes proriger","species","Teleostei","Perciformes","Sebastidae","Sebastes",TRUE,FALSE,FALSE,274838,394703,"Sebastes proriger"
"28","Lyopsetta exilis","Lyopsetta exilis","accepted","Lyopsetta exilis","species","Teleostei","Pleuronectiformes","Pleuronectidae","Lyopsetta",TRUE,FALSE,FALSE,281452,195626,"Lyopsetta exilis"
"29","Hippoglossus stenolepis","Hippoglossus stenolepis","accepted","Hippoglossus stenolepis","species","Teleostei","Pleuronectiformes","Pleuronectidae","Hippoglossus",TRUE,FALSE,FALSE,274290,195615,"Hippoglossus stenolepis"
"30","Eopsetta jordani","Eopsetta jordani","accepted","Eopsetta jordani","species","Teleostei","Pleuronectiformes","Pleuronectidae","Eopsetta",TRUE,FALSE,FALSE,280690,195609,"Eopsetta jordani"
"31","Sebastes helvomaculatus","Sebastes helvomaculatus","accepted","Sebastes helvomaculatus","species","Teleostei","Perciformes","Sebastidae","Sebastes",TRUE,FALSE,FALSE,274799,72079,"Sebastes helvomaculatus"
"32","Microgadus proximus","Microgadus proximus","accepted","Microgadus proximus","species","Teleostei","Gadiformes","Gadidae","Microgadus",TRUE,TRUE,FALSE,275873,80721,"Microgadus proximus"
"33","Oncorhynchus tshawytscha","Oncorhynchus tshawytscha","accepted","Oncorhynchus tshawytscha","species","Teleostei","Salmoniformes","Salmonidae","Oncorhynchus",TRUE,TRUE,TRUE,158075,74940,"Oncorhynchus tshawytscha"
"34","Sebastes flavidus","Sebastes flavidus","accepted","Sebastes flavidus","species","Teleostei","Perciformes","Sebastidae","Sebastes",TRUE,FALSE,FALSE,274795,72076,"Sebastes flavidus"
"35","Ophiodon elongatus","Ophiodon elongatus","accepted","Ophiodon elongatus","species","Teleostei","Perciformes","Hexagrammidae","Ophiodon",TRUE,FALSE,FALSE,240745,225387,"Ophiodon elongatus"
"36","Sebastes reedi","Sebastes reedi","accepted","Sebastes reedi","species","Teleostei","Perciformes","Sebastidae","Sebastes",TRUE,FALSE,FALSE,274840,394704,"Sebastes reedi"
"37","Psettichthys melanostictus","Psettichthys melanostictus","accepted","Psettichthys melanostictus","species","Teleostei","Pleuronectiformes","Pleuronectidae","Psettichthys",TRUE,FALSE,FALSE,282396,195639,"Psettichthys melanostictus"
"38","Sebastes pinniger","Sebastes pinniger","accepted","Sebastes pinniger","species","Teleostei","Perciformes","Sebastidae","Sebastes",TRUE,FALSE,FALSE,274836,72094,"Sebastes pinniger"
"39","Sebastes elongatus","Sebastes elongatus","accepted","Sebastes elongatus","species","Teleostei","Perciformes","Sebastidae","Sebastes",TRUE,FALSE,FALSE,274788,72070,"Sebastes elongatus"
"40","Isopsetta isolepis","Isopsetta isolepis","accepted","Isopsetta isolepis","species","Teleostei","Pleuronectiformes","Pleuronectidae","Isopsetta",TRUE,FALSE,FALSE,281189,195617,"Isopsetta isolepis"
"41","Oncorhynchus mykiss","Oncorhynchus mykiss","accepted","Oncorhynchus mykiss","species","Teleostei","Salmoniformes","Salmonidae","Oncorhynchus",TRUE,TRUE,TRUE,127185,8022,"Oncorhynchus mykiss"
"42","Sebastes diploproa","Sebastes diploproa","accepted","Sebastes diploproa","species","Teleostei","Perciformes","Sebastidae","Sebastes",TRUE,FALSE,FALSE,274787,72069,"Sebastes diploproa"
"43","Lycodes pacificus","Lycodes pacificus","accepted","Lycodes pacificus","species","Teleostei","Perciformes","Zoarcidae","Lycodes",TRUE,FALSE,FALSE,274116,1772091,"Lycodes pacificus"
"44","Ammodytes personatus","Ammodytes personatus","accepted","Ammodytes personatus","species","Teleostei","Perciformes","Ammodytidae","Ammodytes",TRUE,FALSE,FALSE,272967,215382,"Ammodytes personatus"
"45","Beringraja rhina","Beringraja rhina","accepted","Beringraja rhina","species","Elasmobranchii","Rajiformes","Rajidae","Beringraja",TRUE,FALSE,FALSE,1461133,2838338,"Caliraja rhina"
"46","Sebastes caurinus","Sebastes caurinus","accepted","Sebastes caurinus","species","Teleostei","Perciformes","Sebastidae","Sebastes",TRUE,FALSE,FALSE,274780,72063,"Sebastes caurinus"
"47","Beringraja binoculata","Beringraja binoculata","accepted","Beringraja binoculata","species","Elasmobranchii","Rajiformes","Rajidae","Beringraja",TRUE,FALSE,FALSE,1021330,2838337,"Beringraja binoculata"
"48","Sebastes paucispinis","Sebastes paucispinis","accepted","Sebastes paucispinis","species","Teleostei","Perciformes","Sebastidae","Sebastes",TRUE,FALSE,FALSE,274833,72093,"Sebastes paucispinis"
"49","Pleuronichthys decurrens","Pleuronichthys decurrens","accepted","Pleuronichthys decurrens","species","Teleostei","Pleuronectiformes","Pleuronectidae","Pleuronichthys",TRUE,FALSE,FALSE,282292,320379,"Pleuronichthys decurrens"
"50","Sebastes entomelas","Sebastes entomelas","accepted","Sebastes entomelas","species","Teleostei","Perciformes","Sebastidae","Sebastes",TRUE,FALSE,FALSE,274791,72073,"Sebastes entomelas"
"51","Sebastes crameri","Sebastes crameri","accepted","Sebastes crameri","species","Teleostei","Perciformes","Sebastidae","Sebastes",TRUE,FALSE,FALSE,274785,72067,"Sebastes crameri"
"52","Sebastes wilsoni","Sebastes wilsoni","accepted","Sebastes wilsoni","species","Teleostei","Perciformes","Sebastidae","Sebastes",TRUE,FALSE,FALSE,274868,72107,"Sebastes wilsoni"
"53","Coryphaenoides cinereus","Coryphaenoides cinereus","accepted","Coryphaenoides cinereus","species","Teleostei","Gadiformes","Macrouridae","Coryphaenoides",TRUE,FALSE,FALSE,272326,83391,"Coryphaenoides cinereus"
"54","Sebastes nebulosus","Sebastes nebulosus","accepted","Sebastes nebulosus","species","Teleostei","Perciformes","Sebastidae","Sebastes",TRUE,FALSE,FALSE,274824,394698,"Sebastes nebulosus"
"55","Sebastes variegatus","Sebastes variegatus","accepted","Sebastes variegatus","species","Teleostei","Perciformes","Sebastidae","Sebastes",TRUE,FALSE,FALSE,274863,72106,"Sebastes variegatus"
"56","Bathyraja interrupta","Bathyraja interrupta","accepted","Bathyraja interrupta","species","Elasmobranchii","Rajiformes","Arhynchobatidae","Bathyraja",TRUE,FALSE,FALSE,271515,341244,"Bathyraja interrupta"
"57","Sebastes borealis","Sebastes borealis","accepted","Sebastes borealis","species","Teleostei","Perciformes","Sebastidae","Sebastes",TRUE,FALSE,FALSE,274777,394687,"Sebastes borealis"
"58","Cymatogaster aggregata","Cymatogaster aggregata","accepted","Cymatogaster aggregata","species","Teleostei","Ovalentaria incertae sedis","Embiotocidae","Cymatogaster",TRUE,TRUE,FALSE,280461,50794,"Cymatogaster aggregata"
"59","Hexagrammos decagrammus","Hexagrammos decagrammus","accepted","Hexagrammos decagrammus","species","Teleostei","Perciformes","Hexagrammidae","Hexagrammos",TRUE,FALSE,FALSE,240732,274741,"Hexagrammos decagrammus"
"60","Podothecus accipenserinus","Podothecus accipenserinus","accepted","Podothecus accipenserinus","species","Teleostei","Perciformes","Agonidae","Podothecus",TRUE,FALSE,FALSE,254501,320612,"Podothecus accipenserinus"
"61","Sebastes jordani","Sebastes jordani","accepted","Sebastes jordani","species","Teleostei","Perciformes","Sebastidae","Sebastes",TRUE,FALSE,FALSE,274806,72081,"Sebastes jordani"
"62","Albatrossia pectoralis","Albatrossia pectoralis","accepted","Albatrossia pectoralis","species","Teleostei","Gadiformes","Macrouridae","Albatrossia",TRUE,FALSE,FALSE,236135,83392,"Albatrossia pectoralis"
"63","Malacocottus kincaidi","Malacocottus kincaidi","accepted","Malacocottus kincaidi","species","Teleostei","Perciformes","Psychrolutidae","Malacocottus",TRUE,FALSE,FALSE,279442,433396,"Malacocottus kincaidi"
"64","Malacocottus zonurus","Malacocottus zonurus","accepted","Malacocottus zonurus","species","Teleostei","Perciformes","Psychrolutidae","Malacocottus",TRUE,FALSE,FALSE,254406,200682,"Malacocottus zonurus"
"65","Lumpenus sagitta","Lumpenus sagitta","accepted","Lumpenus sagitta","species","Teleostei","Perciformes","Lumpenidae","Lumpenus",TRUE,FALSE,FALSE,254579,428036,"Lumpenus sagitta"
"66","Salmo salar","Salmo salar","accepted","Salmo salar","species","Teleostei","Salmoniformes","Salmonidae","Salmo",TRUE,TRUE,TRUE,127186,8030,"Salmo salar"
"67","Lycodes brevipes","Lycodes brevipes","accepted","Lycodes brevipes","species","Teleostei","Perciformes","Zoarcidae","Lycodes",TRUE,FALSE,FALSE,254595,433387,"Lycodes brevipes"
"68","Lycodes cortezianus","Lycodes cortezianus","accepted","Lycodes cortezianus","species","Teleostei","Perciformes","Zoarcidae","Lycodes",TRUE,FALSE,FALSE,274097,57818,"Lycodes cortezianus"
"69","Sebastes nigrocinctus","Sebastes nigrocinctus","accepted","Sebastes nigrocinctus","species","Teleostei","Perciformes","Sebastidae","Sebastes",TRUE,FALSE,FALSE,274825,72089,"Sebastes nigrocinctus"
"70","Antimora microlepis","Antimora microlepis","accepted","Antimora microlepis","species","Teleostei","Gadiformes","Moridae","Antimora",TRUE,FALSE,FALSE,272460,497157,"Antimora microlepis"
"71","Lycodes diapterus","Lycodes diapterus","accepted","Lycodes diapterus","species","Teleostei","Perciformes","Zoarcidae","Lycodes",TRUE,FALSE,FALSE,254597,215426,"Lycodes diapterus"
"72","Platichthys stellatus","Platichthys stellatus","accepted","Platichthys stellatus","species","Teleostei","Pleuronectiformes","Pleuronectidae","Platichthys",TRUE,TRUE,TRUE,154781,195632,"Platichthys stellatus"
"73","Chitonotus pugetensis","Chitonotus pugetensis","accepted","Chitonotus pugetensis","species","Teleostei","Perciformes","Cottidae","Chitonotus",TRUE,FALSE,FALSE,280162,283635,"Chitonotus pugetensis"
"74","Bathyagonus pentacanthus","Bathyagonus pentacanthus","accepted","Bathyagonus pentacanthus","species","Teleostei","Perciformes","Agonidae","Bathyagonus",TRUE,FALSE,FALSE,254506,433407,"Bathyagonus pentacanthus"
"75","Stenobrachius leucopsarus","Stenobrachius leucopsarus","accepted","Stenobrachius leucopsarus","species","Teleostei","Myctophiformes","Myctophidae","Stenobrachius",TRUE,FALSE,FALSE,254363,91658,"Stenobrachius leucopsarus"
"76","Salvelinus malma","Salvelinus malma","accepted","Salvelinus malma","species","Teleostei","Salmoniformes","Salmonidae","Salvelinus",TRUE,TRUE,TRUE,254570,8039,"Salvelinus malma"
"77","Icelinus filamentosus","Icelinus filamentosus","accepted","Icelinus filamentosus","species","Teleostei","Perciformes","Cottidae","Icelinus",TRUE,FALSE,FALSE,281136,274762,"Icelinus filamentosus"
"78","Poroclinus rothrocki","Poroclinus rothrocki","accepted","Poroclinus rothrocki","species","Teleostei","Perciformes","Lumpenidae","Poroclinus",TRUE,FALSE,FALSE,254385,557414,"Poroclinus rothrocki"
"79","Sebastes aurora","Sebastes aurora","accepted","Sebastes aurora","species","Teleostei","Perciformes","Sebastidae","Sebastes",TRUE,FALSE,FALSE,274774,72058,"Sebastes aurora"
"80","Citharichthys stigmaeus","Citharichthys stigmaeus","accepted","Citharichthys stigmaeus","species","Teleostei","Pleuronectiformes","Paralichthyidae","Citharichthys",TRUE,FALSE,FALSE,275696,319775,"Citharichthys stigmaeus"
"81","Leptocottus armatus","Leptocottus armatus","accepted","Leptocottus armatus","species","Teleostei","Perciformes","Cottidae","Leptocottus",TRUE,TRUE,FALSE,254345,214925,"Leptocottus armatus"
"82","Sebastes miniatus","Sebastes miniatus","accepted","Sebastes miniatus","species","Teleostei","Perciformes","Sebastidae","Sebastes",TRUE,FALSE,FALSE,274820,72087,"Sebastes miniatus"
"83","Radulinus asprellus","Radulinus asprellus","accepted","Radulinus asprellus","species","Teleostei","Perciformes","Cottidae","Radulinus",TRUE,FALSE,FALSE,282541,274768,"Radulinus asprellus"
"84","Tarletonbeania crenularis","Tarletonbeania crenularis","accepted","Tarletonbeania crenularis","species","Teleostei","Myctophiformes","Myctophidae","Tarletonbeania",TRUE,FALSE,FALSE,282927,91660,"Tarletonbeania crenularis"
"85","Ronquilus jordani","Ronquilus jordani","accepted","Ronquilus jordani","species","Teleostei","Perciformes","Bathymasteridae","Ronquilus",TRUE,FALSE,FALSE,282629,428030,"Ronquilus jordani"
"86","Limanda aspera","Limanda aspera","accepted","Limanda aspera","species","Teleostei","Pleuronectiformes","Pleuronectidae","Limanda",TRUE,FALSE,FALSE,254562,195624,"Limanda aspera"
"87","Bathyraja aleutica","Bathyraja aleutica","accepted","Bathyraja aleutica","species","Elasmobranchii","Rajiformes","Arhynchobatidae","Bathyraja",TRUE,FALSE,FALSE,271506,341243,"Bathyraja aleutica"
"88","Hemilepidotus hemilepidotus","Hemilepidotus hemilepidotus","accepted","Hemilepidotus hemilepidotus","species","Teleostei","Perciformes","Cottidae","Hemilepidotus",TRUE,FALSE,FALSE,254521,433390,"Hemilepidotus hemilepidotus"
"89","Chauliodus macouni","Chauliodus macouni","accepted","Chauliodus macouni","species","Teleostei","Stomiiformes","Stomiidae","Chauliodus",TRUE,FALSE,FALSE,275055,302055,"Chauliodus macouni"
"90","Cololabis saira","Cololabis saira","accepted","Cololabis saira","species","Teleostei","Beloniformes","Scomberesocidae","Cololabis",TRUE,FALSE,FALSE,280366,129043,"Cololabis saira"
"91","Xeneretmus latifrons","Xeneretmus latifrons","accepted","Xeneretmus latifrons","species","Teleostei","Perciformes","Agonidae","Xeneretmus",TRUE,FALSE,FALSE,283171,274780,"Xeneretmus latifrons"
"92","Sebastes variabilis","Sebastes variabilis","accepted","Sebastes variabilis","species","Teleostei","Perciformes","Sebastidae","Sebastes",TRUE,FALSE,FALSE,398442,394707,"Sebastes variabilis"
"93","Lycodes palearis","Lycodes palearis","accepted","Lycodes palearis","species","Teleostei","Perciformes","Zoarcidae","Lycodes",TRUE,FALSE,FALSE,254585,215425,"Lycodes palearis"
"94","Sebastes emphaeus","Sebastes emphaeus","accepted","Sebastes emphaeus","species","Teleostei","Perciformes","Sebastidae","Sebastes",TRUE,FALSE,FALSE,274789,72071,"Sebastes emphaeus"
"95","Sebastes melanops","Sebastes melanops","accepted","Sebastes melanops","species","Teleostei","Perciformes","Sebastidae","Sebastes",TRUE,FALSE,FALSE,274817,72085,"Sebastes melanops"
"96","Bathyagonus nigripinnis","Bathyagonus nigripinnis","accepted","Bathyagonus nigripinnis","species","Teleostei","Perciformes","Agonidae","Bathyagonus",TRUE,FALSE,FALSE,254505,433409,"Bathyagonus nigripinnis"
"97","Apristurus brunneus","Apristurus brunneus","accepted","Apristurus brunneus","species","Elasmobranchii","Carcharhiniformes","Pentanchidae","Apristurus",TRUE,FALSE,FALSE,158512,428037,"Apristurus brunneus"
"98","Anarrhichthys ocellatus","Anarrhichthys ocellatus","accepted","Anarrhichthys ocellatus","species","Teleostei","Perciformes","Anarhichadidae","Anarrhichthys",TRUE,FALSE,FALSE,279605,433405,"Anarrhichthys ocellatus"
"99","Diaphus theta","Diaphus theta","accepted","Diaphus theta","species","Teleostei","Myctophiformes","Myctophidae","Diaphus",TRUE,FALSE,FALSE,272694,91653,"Diaphus theta"
"100","Cryptacanthodes aleutensis","Cryptacanthodes aleutensis","accepted","Cryptacanthodes aleutensis","species","Teleostei","Perciformes","Cryptacanthodidae","Cryptacanthodes",TRUE,FALSE,FALSE,276390,557343,"Cryptacanthodes aleutensis"
"101","Enophrys bison","Enophrys bison","accepted","Enophrys bison","species","Teleostei","Perciformes","Cottidae","Enophrys",TRUE,FALSE,FALSE,275355,320617,"Enophrys bison"
"102","Scorpaenichthys marmoratus","Scorpaenichthys marmoratus","accepted","Scorpaenichthys marmoratus","species","Teleostei","Perciformes","Jordaniidae","Scorpaenichthys",TRUE,FALSE,FALSE,282726,NA,"Scorpaenichthys marmoratus"
"103","Paricelinus hopliticus","Paricelinus hopliticus","accepted","Paricelinus hopliticus","species","Teleostei","Perciformes","Jordaniidae","Paricelinus",TRUE,FALSE,FALSE,282147,NA,"Paricelinus hopliticus"
"104","Prionace glauca","Prionace glauca","accepted","Prionace glauca","species","Elasmobranchii","Carcharhiniformes","Carcharhinidae","Prionace",TRUE,TRUE,FALSE,105801,7815,"Prionace glauca"
"105","Dasycottus setiger","Dasycottus setiger","accepted","Dasycottus setiger","species","Teleostei","Perciformes","Psychrolutidae","Dasycottus",TRUE,FALSE,FALSE,280488,274783,"Dasycottus setiger"
"106","Hemitripterus bolini","Hemitripterus bolini","accepted","Hemitripterus bolini","species","Teleostei","Perciformes","Hemitripteridae","Hemitripterus",TRUE,FALSE,FALSE,254541,470227,"Hemitripterus bolini"
"107","Sebastes saxicola","Sebastes saxicola","accepted","Sebastes saxicola","species","Teleostei","Perciformes","Sebastidae","Sebastes",TRUE,FALSE,FALSE,274848,72101,"Sebastes saxicola"
"108","Icelinus tenuis","Icelinus tenuis","accepted","Icelinus tenuis","species","Teleostei","Perciformes","Cottidae","Icelinus",TRUE,FALSE,FALSE,281142,433394,"Icelinus tenuis"
"109","Microstomus bathybius","Microstomus bathybius","accepted","Microstomus bathybius","species","Teleostei","Pleuronectiformes","Pleuronectidae","Microstomus",TRUE,FALSE,FALSE,305684,320376,"Microstomus bathybius"
"110","Lumpenella longirostris","Lumpenella longirostris","accepted","Lumpenella longirostris","species","Teleostei","Perciformes","Lumpenidae","Lumpenella",TRUE,FALSE,FALSE,254351,557408,"Lumpenella longirostris"
"111","Psychrolutes paradoxus","Psychrolutes paradoxus","accepted","Psychrolutes paradoxus","species","Teleostei","Perciformes","Psychrolutidae","Psychrolutes",TRUE,FALSE,FALSE,254566,980342,"Psychrolutes paradoxus"
"112","Sardinops sagax","Sardinops sagax","accepted","Sardinops sagax","species","Teleostei","Clupeiformes","Alosidae","Sardinops",TRUE,FALSE,FALSE,217452,28381,"Sardinops sagax"
"113","Bathyagonus alascanus","Bathyagonus alascanus","accepted","Bathyagonus alascanus","species","Teleostei","Perciformes","Agonidae","Bathyagonus",TRUE,FALSE,FALSE,254503,433408,"Bathyagonus alascanus"
"114","Xeneretmus leiops","Xeneretmus leiops","accepted","Xeneretmus leiops","species","Teleostei","Perciformes","Agonidae","Xeneretmus",TRUE,FALSE,FALSE,283172,299564,"Xeneretmus leiops"
"115","Zaprora silenus","Zaprora silenus","accepted","Zaprora silenus","species","Teleostei","Perciformes","Zaproridae","Zaprora",TRUE,FALSE,FALSE,254353,320590,"Zaprora silenus"
"116","Myoxocephalus polyacanthocephalus","Myoxocephalus polyacanthocephalus","accepted","Myoxocephalus polyacanthocephalus","species","Teleostei","Perciformes","Cottidae","Myoxocephalus",TRUE,FALSE,FALSE,254528,238839,"Myoxocephalus polyacanthocephalus"
"117","Ammodytes hexapterus","Ammodytes hexapterus","accepted","Ammodytes hexapterus","species","Teleostei","Perciformes","Ammodytidae","Ammodytes",TRUE,TRUE,FALSE,254510,476914,"Ammodytes hexapterus"
"118","Sebastes aleutianus","Sebastes aleutianus","accepted","Sebastes aleutianus","species","Teleostei","Perciformes","Sebastidae","Sebastes",TRUE,FALSE,FALSE,274771,214485,"Sebastes aleutianus"
"119","Salvelinus confluentus","Salvelinus confluentus","accepted","Salvelinus confluentus","species","Teleostei","Salmoniformes","Salmonidae","Salvelinus",FALSE,TRUE,TRUE,274352,8037,"Salvelinus confluentus"
"120","Entosphenus tridentatus","Entosphenus tridentatus","accepted","Entosphenus tridentatus","species","Petromyzonti","Petromyzontiformes","Petromyzontidae","Entosphenus",TRUE,TRUE,TRUE,314348,245074,"Entosphenus tridentatus"
"121","Bothrocara brunneum","Bothrocara brunneum","accepted","Bothrocara brunneum","species","Teleostei","Perciformes","Zoarcidae","Bothrocara",TRUE,FALSE,FALSE,279397,557338,"Bothrocara brunneum"
"122","Arctoraja parmifera","Arctoraja parmifera","accepted","Arctoraja parmifera","species","Elasmobranchii","Rajiformes","Rajidae","Arctoraja",TRUE,NA,NA,1577324,NA,"Arctoraja parmifera"
"123","Lycodapus mandibularis","Lycodapus mandibularis","accepted","Lycodapus mandibularis","species","Teleostei","Perciformes","Zoarcidae","Lycodapus",TRUE,FALSE,FALSE,279391,557350,"Lycodapus mandibularis"
"124","Trichodon trichodon","Trichodon trichodon","accepted","Trichodon trichodon","species","Teleostei","Perciformes","Trichodontidae","Trichodon",TRUE,FALSE,FALSE,283043,209541,"Trichodon trichodon"
"125","Leptoclinus maculatus","Leptoclinus maculatus","accepted","Leptoclinus maculatus","species","Teleostei","Perciformes","Lumpenidae","Leptoclinus",TRUE,FALSE,FALSE,127072,980417,"Leptoclinus maculatus"
"126","Pholis laeta","Pholis laeta","accepted","Pholis laeta","species","Teleostei","Perciformes","Pholidae","Pholis",TRUE,FALSE,FALSE,273689,283367,"Pholis laeta"
"127","Careproctus melanurus","Careproctus melanurus","accepted","Careproctus melanurus","species","Teleostei","Perciformes","Liparidae","Careproctus",TRUE,FALSE,FALSE,254549,274785,"Careproctus melanurus"
"128","Gasterosteus aculeatus","Gasterosteus aculeatus","accepted","Gasterosteus aculeatus","species","Teleostei","Perciformes","Gasterosteidae","Gasterosteus",TRUE,TRUE,TRUE,126505,69293,"Gasterosteus aculeatus"
"129","Oligocottus maculosus","Oligocottus maculosus","accepted","Oligocottus maculosus","species","Teleostei","Perciformes","Cottidae","Oligocottus",TRUE,TRUE,FALSE,281872,328410,"Oligocottus maculosus"
"130","Triglops macellus","Triglops macellus","accepted","Triglops macellus","species","Teleostei","Perciformes","Cottidae","Triglops",TRUE,FALSE,FALSE,274399,433386,"Triglops macellus"
"131","Tactostoma macropus","Tactostoma macropus","accepted","Tactostoma macropus","species","Teleostei","Stomiiformes","Stomiidae","Tactostoma",TRUE,FALSE,FALSE,282922,319451,"Tactostoma macropus"
"132","Agonopsis vulsa","Agonopsis vulsa","accepted","Agonopsis vulsa","species","Teleostei","Perciformes","Agonidae","Agonopsis",TRUE,FALSE,FALSE,279522,428027,"Agonopsis vulsa"
"133","Spirinchus thaleichthys","Spirinchus thaleichthys","accepted","Spirinchus thaleichthys","species","Teleostei","Osmeriformes","Osmeridae","Spirinchus",TRUE,TRUE,TRUE,282844,260508,"Spirinchus thaleichthys"
"134","Squalus acanthias","Squalus acanthias","accepted","Squalus acanthias","species","Elasmobranchii","Squaliformes","Squalidae","Squalus",TRUE,TRUE,FALSE,105923,7797,"Squalus acanthias"
"135","Hemilepidotus spinosus","Hemilepidotus spinosus","accepted","Hemilepidotus spinosus","species","Teleostei","Perciformes","Cottidae","Hemilepidotus",TRUE,FALSE,FALSE,279413,271501,"Hemilepidotus spinosus"
"136","Lepidopsetta polyxystra","Lepidopsetta polyxystra","accepted","Lepidopsetta polyxystra","species","Teleostei","Pleuronectiformes","Pleuronectidae","Lepidopsetta",TRUE,FALSE,FALSE,281307,433389,"Lepidopsetta polyxystra"
"137","Triglops pingelii","Triglops pingelii","accepted","Triglops pingelii","species","Teleostei","Perciformes","Cottidae","Triglops",TRUE,FALSE,FALSE,127207,433391,"Triglops pingelii"
"138","Aulorhynchus flavidus","Aulorhynchus flavidus","accepted","Aulorhynchus flavidus","species","Teleostei","Perciformes","Aulorhynchidae","Aulorhynchus",TRUE,FALSE,FALSE,279839,240152,"Aulorhynchus flavidus"
"139","Poromitra crassiceps","Poromitra crassiceps","accepted","Poromitra crassiceps","species","Teleostei","Beryciformes","Melamphaidae","Poromitra",TRUE,FALSE,FALSE,127273,88708,"Poromitra crassiceps"
"140","Pleuronichthys coenosus","Pleuronichthys coenosus","accepted","Pleuronichthys coenosus","species","Teleostei","Pleuronectiformes","Pleuronectidae","Pleuronichthys",TRUE,FALSE,FALSE,282290,269452,"Pleuronichthys coenosus"
"141","Anoplarchus purpurescens","Anoplarchus purpurescens","accepted","Anoplarchus purpurescens","species","Teleostei","Perciformes","Stichaeidae","Anoplarchus",TRUE,FALSE,FALSE,279633,320623,"Anoplarchus purpurescens"
"142","Psychrolutes sigalutes","Psychrolutes sigalutes","accepted","Psychrolutes sigalutes","species","Teleostei","Perciformes","Psychrolutidae","Psychrolutes",TRUE,FALSE,FALSE,274679,557364,"Psychrolutes sigalutes"
"143","Sebastes goodei","Sebastes goodei","accepted","Sebastes goodei","species","Teleostei","Perciformes","Sebastidae","Sebastes",TRUE,TRUE,FALSE,274798,72078,"Sebastes goodei"
"144","Bryozoichthys marjorius","Bryozoichthys marjorius","accepted","Bryozoichthys marjorius","species","Teleostei","Perciformes","Stichaeidae","Bryozoichthys",TRUE,FALSE,FALSE,254575,1311538,"Bryozoichthys marjorius"
"145","Nectoliparis pelagicus","Nectoliparis pelagicus","accepted","Nectoliparis pelagicus","species","Teleostei","Perciformes","Liparidae","Nectoliparis",TRUE,FALSE,FALSE,281641,446815,"Nectoliparis pelagicus"
"146","Icosteus aenigmaticus","Icosteus aenigmaticus","accepted","Icosteus aenigmaticus","species","Teleostei","Scombriformes","Icosteidae","Icosteus",TRUE,FALSE,FALSE,281153,215386,"Icosteus aenigmaticus"
"147","Eptatretus deani","Eptatretus deani","accepted","Eptatretus deani","species","Myxini","Myxiniformes","Myxinidae","Eptatretus",TRUE,FALSE,FALSE,279277,418109,"Eptatretus deani"
"148","Icelinus borealis","Icelinus borealis","accepted","Icelinus borealis","species","Teleostei","Perciformes","Cottidae","Icelinus",TRUE,FALSE,FALSE,281133,433388,"Icelinus borealis"
"149","Hexagrammos stelleri","Hexagrammos stelleri","accepted","Hexagrammos stelleri","species","Teleostei","Perciformes","Hexagrammidae","Hexagrammos",TRUE,FALSE,FALSE,254545,192378,"Hexagrammos stelleri"
"150","Nautichthys oculofasciatus","Nautichthys oculofasciatus","accepted","Nautichthys oculofasciatus","species","Teleostei","Perciformes","Hemitripteridae","Nautichthys",TRUE,FALSE,FALSE,254542,428032,"Nautichthys oculofasciatus"
"151","Gobiesox maeandricus","Gobiesox maeandricus","accepted","Gobiesox maeandricus","species","Teleostei","Gobiesociformes","Gobiesocidae","Gobiesox",TRUE,FALSE,FALSE,275671,63828,"Gobiesox maeandricus"
"152","Sebastes melanostictus","Sebastes melanostictus","accepted","Sebastes melanostictus","species","Teleostei","Perciformes","Sebastidae","Sebastes",TRUE,FALSE,FALSE,1015496,394695,"Sebastes melanostictus"
"153","Alosa sapidissima","Alosa sapidissima","accepted","Alosa sapidissima","species","Teleostei","Clupeiformes","Alosidae","Alosa",TRUE,TRUE,TRUE,158670,34773,"Alosa sapidissima"
"154","Nansenia candida","Nansenia candida","accepted","Nansenia candida","species","Teleostei","Argentiniformes","Microstomatidae","Nansenia",TRUE,FALSE,FALSE,272926,557352,"Nansenia candida"
"155","Apodichthys flavidus","Apodichthys flavidus","accepted","Apodichthys flavidus","species","Teleostei","Perciformes","Pholidae","Apodichthys",TRUE,FALSE,FALSE,279664,57779,"Apodichthys flavidus"
"156","Scomber japonicus","Scomber japonicus","accepted","Scomber japonicus","species","Teleostei","Scombriformes","Scombridae","Scomber",TRUE,FALSE,FALSE,127022,13676,"Scomber japonicus"
"157","Blepsias cirrhosus","Blepsias cirrhosus","accepted","Blepsias cirrhosus","species","Teleostei","Perciformes","Hemitripteridae","Blepsias",TRUE,FALSE,FALSE,279417,573213,"Blepsias cirrhosus"
"158","Bathyagonus infraspinatus","Bathyagonus infraspinatus","accepted","Bathyagonus infraspinatus","species","Teleostei","Perciformes","Agonidae","Bathyagonus",TRUE,FALSE,FALSE,254504,557335,"Bathyagonus infraspinatus"
"159","Bathymaster signatus","Bathymaster signatus","accepted","Bathymaster signatus","species","Teleostei","Perciformes","Bathymasteridae","Bathymaster",TRUE,FALSE,FALSE,254513,274808,"Bathymaster signatus"
"160","Benthalbella dentata","Benthalbella dentata","accepted","Benthalbella dentata","species","Teleostei","Aulopiformes","Scopelarchidae","Benthalbella",TRUE,FALSE,FALSE,254572,433385,"Benthalbella dentata"
"161","Artedius fenestralis","Artedius fenestralis","accepted","Artedius fenestralis","species","Teleostei","Perciformes","Cottidae","Artedius",TRUE,FALSE,FALSE,279700,274758,"Artedius fenestralis"
"162","Liparis pulchellus","Liparis pulchellus","accepted","Liparis pulchellus","species","Teleostei","Perciformes","Liparidae","Liparis",TRUE,FALSE,FALSE,274533,433402,"Liparis pulchellus"
"163","Artedius lateralis","Artedius lateralis","accepted","Artedius lateralis","species","Teleostei","Perciformes","Cottidae","Artedius",TRUE,FALSE,FALSE,279702,322683,"Artedius lateralis"
"164","Coregonus sardinella","Coregonus sardinella","accepted","Coregonus sardinella","species","Teleostei","Salmoniformes","Salmonidae","Coregonus",TRUE,TRUE,TRUE,127181,241494,"Coregonus sardinella"
"165","Eumicrotremus orbis","Eumicrotremus orbis","accepted","Eumicrotremus orbis","species","Teleostei","Perciformes","Cyclopteridae","Eumicrotremus",TRUE,FALSE,FALSE,254535,433392,"Eumicrotremus orbis"
"166","Lycodapus fierasfer","Lycodapus fierasfer","accepted","Lycodapus fierasfer","species","Teleostei","Perciformes","Zoarcidae","Lycodapus",TRUE,FALSE,FALSE,279389,433411,"Lycodapus fierasfer"
"167","Xiphister atropurpureus","Xiphister atropurpureus","accepted","Xiphister atropurpureus","species","Teleostei","Perciformes","Stichaeidae","Xiphister",TRUE,FALSE,FALSE,283194,283024,"Xiphister atropurpureus"
"168","Sagamichthys abei","Sagamichthys abei","accepted","Sagamichthys abei","species","Teleostei","Alepocephaliformes","Platytroctidae","Sagamichthys",TRUE,FALSE,FALSE,234630,319782,"Sagamichthys abei"
"169","Xeneretmus triacanthus","Xeneretmus triacanthus","accepted","Xeneretmus triacanthus","species","Teleostei","Perciformes","Agonidae","Xeneretmus",TRUE,FALSE,FALSE,283174,NA,"Xeneretmus triacanthus"
"170","Odontopyxis trispinosa","Odontopyxis trispinosa","accepted","Odontopyxis trispinosa","species","Teleostei","Perciformes","Agonidae","Odontopyxis",TRUE,FALSE,FALSE,281836,320620,"Odontopyxis trispinosa"
"171","Liparis callyodon","Liparis callyodon","accepted","Liparis callyodon","species","Teleostei","Perciformes","Liparidae","Liparis",TRUE,FALSE,FALSE,274505,980332,"Liparis callyodon"
"172","Icelinus burchami","Icelinus burchami","accepted","Icelinus burchami","species","Teleostei","Perciformes","Cottidae","Icelinus",TRUE,FALSE,FALSE,281134,305506,"Icelinus burchami"
"173","Careproctus gilberti","Careproctus gilberti","accepted","Careproctus gilberti","species","Teleostei","Perciformes","Liparidae","Careproctus",TRUE,FALSE,FALSE,367288,NA,"Careproctus gilberti"
"174","Allosmerus elongatus","Allosmerus elongatus","accepted","Allosmerus elongatus","species","Teleostei","Osmeriformes","Osmeridae","Allosmerus",TRUE,FALSE,FALSE,279564,433393,"Allosmerus elongatus"
"175","Mallotus villosus","Mallotus villosus","accepted","Mallotus villosus","species","Teleostei","Osmeriformes","Osmeridae","Mallotus",TRUE,TRUE,TRUE,126735,30960,"Mallotus villosus"
"176","Catostomus catostomus","Catostomus catostomus","accepted","Catostomus catostomus","species","Teleostei","Cypriniformes","Catostomidae","Catostomus",FALSE,TRUE,TRUE,158706,43956,"Catostomus catostomus"
"177","Xiphister mucosus","Xiphister mucosus","accepted","Xiphister mucosus","species","Teleostei","Perciformes","Stichaeidae","Xiphister",TRUE,FALSE,FALSE,283195,283031,"Xiphister mucosus"
"178","Arctozenus risso","Arctozenus risso","accepted","Arctozenus risso","species","Teleostei","Aulopiformes","Paralepididae","Arctozenus",TRUE,FALSE,FALSE,126352,473348,"Arctozenus risso"
"179","Clinocottus acuticeps","Clinocottus acuticeps","accepted","Clinocottus acuticeps","species","Teleostei","Perciformes","Cottidae","Clinocottus",TRUE,TRUE,TRUE,280218,459045,"Clinocottus acuticeps"
"180","Lestidiops ringens","Lestidiops ringens","accepted","Lestidiops ringens","species","Teleostei","Aulopiformes","Paralepididae","Lestidiops",TRUE,FALSE,FALSE,272096,319759,"Lestidiops ringens"
"181","Galeorhinus galeus","Galeorhinus galeus","accepted","Galeorhinus galeus","species","Elasmobranchii","Carcharhiniformes","Triakidae","Galeorhinus",TRUE,FALSE,FALSE,105820,86063,"Galeorhinus galeus"
"182","Somniosus pacificus","Somniosus pacificus","accepted","Somniosus pacificus","species","Elasmobranchii","Squaliformes","Somniosidae","Somniosus",TRUE,FALSE,FALSE,271654,305516,"Somniosus pacificus"
"183","Lampanyctus ritteri","Lampanyctus ritteri","accepted","Lampanyctus ritteri","species","Teleostei","Myctophiformes","Myctophidae","Lampanyctus",TRUE,FALSE,FALSE,301548,319541,"Lampanyctus ritteri"
"184","Careproctus cypselurus","Careproctus cypselurus","accepted","Careproctus cypselurus","species","Teleostei","Perciformes","Liparidae","Careproctus",TRUE,FALSE,FALSE,274421,433400,"Careproctus cypselurus"
"185","Anoplagonus inermis","Anoplagonus inermis","accepted","Anoplagonus inermis","species","Teleostei","Perciformes","Agonidae","Anoplagonus",TRUE,FALSE,FALSE,279630,1154603,"Anoplagonus inermis"
"186","Ptilichthys goodei","Ptilichthys goodei","accepted","Ptilichthys goodei","species","Teleostei","Perciformes","Ptilichthyidae","Ptilichthys",TRUE,FALSE,FALSE,282508,641289,"Ptilichthys goodei"
"187","Chirolophis decoratus","Chirolophis decoratus","accepted","Chirolophis decoratus","species","Teleostei","Perciformes","Stichaeidae","Chirolophis",TRUE,FALSE,FALSE,254576,320615,"Chirolophis decoratus"
"188","Phytichthys chirus","Phytichthys chirus","accepted","Phytichthys chirus","species","Teleostei","Perciformes","Stichaeidae","Phytichthys",TRUE,FALSE,FALSE,282255,1738904,"Phytichthys chirus"
"189","Sebastes diaconus","Sebastes diaconus","accepted","Sebastes diaconus","species","Teleostei","Perciformes","Sebastidae","Sebastes",TRUE,FALSE,FALSE,1384909,2603974,"Sebastes diaconus"
"190","Sebastes melanostomus","Sebastes melanostomus","accepted","Sebastes melanostomus","species","Teleostei","Perciformes","Sebastidae","Sebastes",TRUE,FALSE,FALSE,274819,72086,"Sebastes melanostomus"
"191","Cryptacanthodes giganteus","Cryptacanthodes giganteus","accepted","Cryptacanthodes giganteus","species","Teleostei","Perciformes","Cryptacanthodidae","Cryptacanthodes",TRUE,FALSE,FALSE,276392,433379,"Cryptacanthodes giganteus"
"192","Pallasina barbata","Pallasina barbata","accepted","Pallasina barbata","species","Teleostei","Perciformes","Agonidae","Pallasina",TRUE,FALSE,FALSE,254396,740932,"Pallasina barbata"
"193","Bathymaster caeruleofasciatus","Bathymaster caeruleofasciatus","accepted","Bathymaster caeruleofasciatus","species","Teleostei","Perciformes","Bathymasteridae","Bathymaster",TRUE,FALSE,FALSE,279415,1188226,"Bathymaster caeruleofasciatus"
"194","Porichthys notatus","Porichthys notatus","accepted","Porichthys notatus","species","Teleostei","Batrachoidiformes","Batrachoididae","Porichthys",TRUE,FALSE,FALSE,275658,45384,"Porichthys notatus"
"195","Icelus spiniger","Icelus spiniger","accepted","Icelus spiniger","species","Teleostei","Perciformes","Cottidae","Icelus",TRUE,FALSE,FALSE,254525,557345,"Icelus spiniger"
"196","Liparis florae","Liparis florae","accepted","Liparis florae","species","Teleostei","Perciformes","Liparidae","Liparis",TRUE,FALSE,FALSE,274513,320618,"Liparis florae"
"197","Sebastes auriculatus","Sebastes auriculatus","accepted","Sebastes auriculatus","species","Teleostei","Perciformes","Sebastidae","Sebastes",TRUE,FALSE,FALSE,274773,72057,"Sebastes auriculatus"
"198","Caliraja stellulata","Caliraja stellulata","accepted","Caliraja stellulata","species","Elasmobranchii","Rajiformes","Rajidae","Caliraja",TRUE,FALSE,FALSE,1803740,NA,"Caliraja stellulata"
"199","Allocareproctus jordani","Allocareproctus jordani","accepted","Allocareproctus jordani","species","Teleostei","Perciformes","Liparidae","Allocareproctus",TRUE,FALSE,FALSE,279555,1696904,"Allocareproctus jordani"
"200","Lycodes beringi","Lycodes beringi","accepted","Lycodes beringi","species","Teleostei","Perciformes","Zoarcidae","Lycodes",TRUE,FALSE,FALSE,398582,215428,"Lycodes beringi"
"201","Reinhardtius hippoglossoides","Reinhardtius hippoglossoides","accepted","Reinhardtius hippoglossoides","species","Teleostei","Pleuronectiformes","Pleuronectidae","Reinhardtius",TRUE,FALSE,FALSE,127144,111784,"Reinhardtius hippoglossoides"
"202","Brachyistius frenatus","Brachyistius frenatus","accepted","Brachyistius frenatus","species","Teleostei","Ovalentaria incertae sedis","Embiotocidae","Brachyistius",TRUE,FALSE,FALSE,240721,100188,"Brachyistius frenatus"
"203","Chesnonia verrucosa","Chesnonia verrucosa","accepted","Chesnonia verrucosa","species","Teleostei","Perciformes","Agonidae","Chesnonia",TRUE,FALSE,FALSE,254507,740928,"Chesnonia verrucosa"
"204","Sebastes ciliatus","Sebastes ciliatus","accepted","Sebastes ciliatus","species","Teleostei","Perciformes","Sebastidae","Sebastes",TRUE,FALSE,FALSE,274782,72065,"Sebastes ciliatus"
"205","Aristostomias scintillans","Aristostomias scintillans","accepted","Aristostomias scintillans","species","Teleostei","Stomiiformes","Stomiidae","Aristostomias",TRUE,FALSE,FALSE,275007,319440,"Aristostomias scintillans"
"206","Ascelichthys rhodorus","Ascelichthys rhodorus","accepted","Ascelichthys rhodorus","species","Teleostei","Perciformes","Cottidae","Ascelichthys",TRUE,FALSE,FALSE,279706,1738886,"Ascelichthys rhodorus"
"207","Liparis dennyi","Liparis dennyi","accepted","Liparis dennyi","species","Teleostei","Perciformes","Liparidae","Liparis",TRUE,FALSE,FALSE,254550,433403,"Liparis dennyi"
"208","Oncorhynchus clarkii","Oncorhynchus clarkii","accepted","Oncorhynchus clarkii","species","Teleostei","Salmoniformes","Salmonidae","Oncorhynchus",TRUE,TRUE,TRUE,274347,30962,"Oncorhynchus clarkii"
"209","Rhamphocottus richardsonii","Rhamphocottus richardsonii","accepted","Rhamphocottus richardsonii","species","Teleostei","Perciformes","Rhamphocottidae","Rhamphocottus",TRUE,FALSE,FALSE,282578,283636,"Rhamphocottus richardsonii"
"210","Lamna ditropis","Lamna ditropis","accepted","Lamna ditropis","species","Elasmobranchii","Lamniformes","Lamnidae","Lamna",TRUE,FALSE,FALSE,271421,38578,"Lamna ditropis"
"211","Embiotoca lateralis","Embiotoca lateralis","accepted","Embiotoca lateralis","species","Teleostei","Ovalentaria incertae sedis","Embiotocidae","Embiotoca",TRUE,FALSE,FALSE,240740,229144,"Embiotoca lateralis"
"212","Paraliparis deani","Paraliparis deani","accepted","Paraliparis deani","species","Teleostei","Perciformes","Liparidae","Paraliparis",TRUE,FALSE,FALSE,274570,NA,"Paraliparis deani"
"213","Eptatretus stoutii","Eptatretus stoutii","accepted","Eptatretus stoutii","species","Myxini","Myxiniformes","Myxinidae","Eptatretus",TRUE,FALSE,FALSE,279298,7765,"Eptatretus stoutii"
"214","Artedius harringtoni","Artedius harringtoni","accepted","Artedius harringtoni","species","Teleostei","Perciformes","Cottidae","Artedius",TRUE,FALSE,FALSE,279701,433399,"Artedius harringtoni"
"215","Hypomesus pretiosus","Hypomesus pretiosus","accepted","Hypomesus pretiosus","species","Teleostei","Osmeriformes","Osmeridae","Hypomesus",TRUE,TRUE,FALSE,279422,300346,"Hypomesus pretiosus"
"216","Ruscarius meanyi","Ruscarius meanyi","accepted","Ruscarius meanyi","species","Teleostei","Perciformes","Cottidae","Ruscarius",TRUE,FALSE,FALSE,282637,459053,"Ruscarius meanyi"
"217","Avocettina infans","Avocettina infans","accepted","Avocettina infans","species","Teleostei","Anguilliformes","Nemichthyidae","Avocettina",TRUE,FALSE,FALSE,126304,121280,"Avocettina infans"
"218","Nemichthys scolopaceus","Nemichthys scolopaceus","accepted","Nemichthys scolopaceus","species","Teleostei","Anguilliformes","Nemichthyidae","Nemichthys",TRUE,FALSE,FALSE,126306,118170,"Nemichthys scolopaceus"
"219","Atheresthes evermanni","Atheresthes evermanni","accepted","Atheresthes evermanni","species","Teleostei","Pleuronectiformes","Pleuronectidae","Atheresthes",TRUE,FALSE,FALSE,279791,195645,"Atheresthes evermanni"
"220","Clinocottus embryum","Clinocottus embryum","accepted","Clinocottus embryum","species","Teleostei","Perciformes","Cottidae","Clinocottus",TRUE,FALSE,FALSE,280220,459046,"Clinocottus embryum"
"221","Bothrocara molle","Bothrocara molle","accepted","Bothrocara molle","species","Teleostei","Perciformes","Zoarcidae","Bothrocara",TRUE,FALSE,FALSE,234593,390675,"Bothrocara molle"
"222","Careproctus colletti","Careproctus colletti","accepted","Careproctus colletti","species","Teleostei","Perciformes","Liparidae","Careproctus",TRUE,FALSE,FALSE,254547,796014,"Careproctus colletti"
"223","Melamphaes lugubris","Melamphaes lugubris","accepted","Melamphaes lugubris","species","Teleostei","Beryciformes","Melamphaidae","Melamphaes",TRUE,FALSE,FALSE,274932,319444,"Melamphaes lugubris"
"224","Oligocottus snyderi","Oligocottus snyderi","accepted","Oligocottus snyderi","species","Teleostei","Perciformes","Cottidae","Oligocottus",TRUE,FALSE,FALSE,281875,459052,"Oligocottus snyderi"
"225","Enophrys lucasi","Enophrys lucasi","accepted","Enophrys lucasi","species","Teleostei","Perciformes","Cottidae","Enophrys",TRUE,FALSE,FALSE,254518,980327,"Enophrys lucasi"
"226","Trachurus symmetricus","Trachurus symmetricus","accepted","Trachurus symmetricus","species","Teleostei","Carangiformes","Carangidae","Trachurus",TRUE,FALSE,FALSE,273305,271940,"Trachurus symmetricus"
"227","Tarletonbeania taylori","Tarletonbeania taylori","accepted","Tarletonbeania taylori","species","Teleostei","Myctophiformes","Myctophidae","Tarletonbeania",TRUE,FALSE,FALSE,282928,123347,"Tarletonbeania taylori"
"228","Anotopterus nikparini","Anotopterus nikparini","accepted","Anotopterus nikparini","species","Teleostei","Aulopiformes","Anotopteridae","Anotopterus",TRUE,FALSE,FALSE,272040,557333,"Anotopterus nikparini"
"229","Macropinna microstoma","Macropinna microstoma","accepted","Macropinna microstoma","species","Teleostei","Argentiniformes","Opisthoproctidae","Macropinna",TRUE,FALSE,FALSE,281482,557410,"Macropinna microstoma"
"230","Scopelosaurus adleri","Scopelosaurus adleri","accepted","Scopelosaurus adleri","species","Teleostei","Aulopiformes","Notosudidae","Scopelosaurus",TRUE,FALSE,FALSE,254552,NA,"Scopelosaurus adleri"
"231","Rhinogobiops nicholsii","Rhinogobiops nicholsii","accepted","Rhinogobiops nicholsii","species","Teleostei","Gobiiformes","Gobiidae","Rhinogobiops",TRUE,FALSE,FALSE,282580,151723,"Rhinogobiops nicholsii"
"232","Carcharodon carcharias","Carcharodon carcharias","accepted","Carcharodon carcharias","species","Elasmobranchii","Lamniformes","Lamnidae","Carcharodon",TRUE,TRUE,FALSE,105838,13397,"Carcharodon carcharias"
"233","Careproctus scottae","Careproctus scottae","accepted","Careproctus scottae","species","Teleostei","Perciformes","Liparidae","Careproctus",TRUE,FALSE,FALSE,274470,1837949,"Careproctus scottae"
"234","Clinocottus globiceps","Clinocottus globiceps","accepted","Clinocottus globiceps","species","Teleostei","Perciformes","Cottidae","Clinocottus",TRUE,FALSE,FALSE,280221,459047,"Clinocottus globiceps"
"235","Phanerodon vacca","Phanerodon vacca","accepted","Phanerodon vacca","species","Teleostei","Ovalentaria incertae sedis","Embiotocidae","Phanerodon",TRUE,FALSE,FALSE,1577347,2838341,"Phanerodon vacca"
"236","Scopelosaurus harryi","Scopelosaurus harryi","accepted","Scopelosaurus harryi","species","Teleostei","Aulopiformes","Notosudidae","Scopelosaurus",TRUE,FALSE,FALSE,272082,319750,"Scopelosaurus harryi"
"237","Asemichthys taylori","Asemichthys taylori","accepted","Asemichthys taylori","species","Teleostei","Perciformes","Cottidae","Asemichthys",TRUE,FALSE,FALSE,316433,1638735,"Asemichthys taylori"
"238","Oneirodes thompsoni","Oneirodes thompsoni","accepted","Oneirodes thompsoni","species","Teleostei","Lophiiformes","Oneirodidae","Oneirodes",TRUE,FALSE,FALSE,254554,412658,"Oneirodes thompsoni"
"239","Chirolophis nugator","Chirolophis nugator","accepted","Chirolophis nugator","species","Teleostei","Perciformes","Stichaeidae","Chirolophis",TRUE,FALSE,FALSE,254577,433395,"Chirolophis nugator"
"240","Alepocephalus tenebrosus","Alepocephalus tenebrosus","accepted","Alepocephalus tenebrosus","species","Teleostei","Alepocephaliformes","Alepocephalidae","Alepocephalus",TRUE,FALSE,FALSE,272849,170189,"Alepocephalus tenebrosus"
"241","Liparis cyclopus","Liparis cyclopus","accepted","Liparis cyclopus","species","Teleostei","Perciformes","Liparidae","Liparis",TRUE,FALSE,FALSE,274509,1772089,"Liparis cyclopus"
"242","Sebastes mystinus","Sebastes mystinus","accepted","Sebastes mystinus","species","Teleostei","Perciformes","Sebastidae","Sebastes",TRUE,FALSE,FALSE,274823,72088,"Sebastes mystinus"
"243","Liparis mucosus","Liparis mucosus","accepted","Liparis mucosus","species","Teleostei","Perciformes","Liparidae","Liparis",TRUE,FALSE,FALSE,274527,274786,"Liparis mucosus"
"244","Icichthys lockingtoni","Icichthys lockingtoni","accepted","Icichthys lockingtoni","species","Teleostei","Scombriformes","Centrolophidae","Icichthys",TRUE,FALSE,FALSE,279354,302051,"Icichthys lockingtoni"
"245","Rimicola muscarum","Rimicola muscarum","accepted","Rimicola muscarum","species","Teleostei","Gobiesociformes","Gobiesocidae","Rimicola",TRUE,FALSE,FALSE,282617,557417,"Rimicola muscarum"
"246","Scytalina cerdale","Scytalina cerdale","accepted","Scytalina cerdale","species","Teleostei","Perciformes","Scytalinidae","Scytalina",TRUE,FALSE,FALSE,254370,2893505,"Scytalina cerdale"
"247","Blepsias bilobus","Blepsias bilobus","accepted","Blepsias bilobus","species","Teleostei","Perciformes","Hemitripteridae","Blepsias",TRUE,FALSE,FALSE,254540,980325,"Blepsias bilobus"
"248","Zesticelus profundorum","Zesticelus profundorum","accepted","Zesticelus profundorum","species","Teleostei","Perciformes","Cottidae","Zesticelus",TRUE,FALSE,FALSE,283218,740938,"Zesticelus profundorum"
"249","Gymnocanthus galeatus","Gymnocanthus galeatus","accepted","Gymnocanthus galeatus","species","Teleostei","Perciformes","Cottidae","Gymnocanthus",TRUE,FALSE,FALSE,254514,980328,"Gymnocanthus galeatus"
"250","Anisarchus medius","Anisarchus medius","accepted","Anisarchus medius","species","Teleostei","Perciformes","Lumpenidae","Anisarchus",TRUE,FALSE,FALSE,127070,980385,"Anisarchus medius"
"251","Myoxocephalus scorpius","Myoxocephalus scorpius","accepted","Myoxocephalus scorpius","species","Teleostei","Perciformes","Cottidae","Myoxocephalus",TRUE,TRUE,FALSE,127203,8097,"Myoxocephalus scorpius"
"252","Stichaeus punctatus","Stichaeus punctatus","accepted","Stichaeus punctatus","species","Teleostei","Perciformes","Stichaeidae","Stichaeus",TRUE,FALSE,FALSE,159819,980344,"Stichaeus punctatus"
"253","Oxylebius pictus","Oxylebius pictus","accepted","Oxylebius pictus","species","Teleostei","Perciformes","Hexagrammidae","Oxylebius",TRUE,FALSE,FALSE,240743,283620,"Oxylebius pictus"
"254","Nemichthys larseni","Nemichthys larseni","accepted","Nemichthys larseni","species","Teleostei","Anguilliformes","Nemichthyidae","Nemichthys",TRUE,FALSE,FALSE,271905,557354,"Nemichthys larseni"
"255","Pholis schultzi","Pholis schultzi","accepted","Pholis schultzi","species","Teleostei","Perciformes","Pholidae","Pholis",TRUE,FALSE,FALSE,273693,NA,"Pholis schultzi"
"256","Careproctus spectrum","Careproctus spectrum","accepted","Careproctus spectrum","species","Teleostei","Perciformes","Liparidae","Careproctus",TRUE,FALSE,FALSE,274477,NA,"Careproctus spectrum"
"257","Liparis rutteri","Liparis rutteri","accepted","Liparis rutteri","species","Teleostei","Perciformes","Liparidae","Liparis",TRUE,FALSE,FALSE,274538,572250,"Liparis rutteri"
"258","Synchirus gilli","Synchirus gilli","accepted","Synchirus gilli","species","Teleostei","Perciformes","Cottidae","Synchirus",TRUE,FALSE,FALSE,282921,740936,"Synchirus gilli"
"259","Leuroglossus stilbius","Leuroglossus stilbius","accepted","Leuroglossus stilbius","species","Teleostei","Argentiniformes","Bathylagidae","Leuroglossus",TRUE,FALSE,FALSE,313514,301819,"Leuroglossus stilbius"
"260","Hypsagonus quadricornis","Hypsagonus quadricornis","accepted","Hypsagonus quadricornis","species","Teleostei","Perciformes","Agonidae","Hypsagonus",TRUE,FALSE,FALSE,254508,274775,"Hypsagonus quadricornis"
"261","Hexagrammos octogrammus","Hexagrammos octogrammus","accepted","Hexagrammos octogrammus","species","Teleostei","Perciformes","Hexagrammidae","Hexagrammos",TRUE,FALSE,FALSE,254544,192375,"Hexagrammos octogrammus"
"262","Careproctus furcellus","Careproctus furcellus","accepted","Careproctus furcellus","species","Teleostei","Perciformes","Liparidae","Careproctus",TRUE,FALSE,FALSE,254548,557342,"Careproctus furcellus"
"263","Bothragonus swanii","Bothragonus swanii","accepted","Bothragonus swanii","species","Teleostei","Perciformes","Agonidae","Bothragonus",TRUE,FALSE,FALSE,279947,1154617,"Bothragonus swanii"
"264","Notacanthus chemnitzii","Notacanthus chemnitzii","accepted","Notacanthus chemnitzii","species","Teleostei","Notacanthiformes","Notacanthidae","Notacanthus",TRUE,FALSE,FALSE,126643,143895,"Notacanthus chemnitzii"
"265","Mola mola","Mola mola","accepted","Mola mola","species","Teleostei","Tetraodontiformes","Molidae","Mola",TRUE,FALSE,FALSE,127405,94237,"Mola mola"
"266","Engraulis mordax","Engraulis mordax","accepted","Engraulis mordax","species","Teleostei","Clupeiformes","Engraulidae","Engraulis",TRUE,FALSE,FALSE,272286,239368,"Engraulis mordax"
"267","Pholis clemensi","Pholis clemensi","accepted","Pholis clemensi","species","Teleostei","Perciformes","Pholidae","Pholis",TRUE,FALSE,FALSE,273686,740703,"Pholis clemensi"
"268","Lethenteron camtschaticum","Lethenteron camtschaticum","accepted","Lethenteron camtschaticum","species","Petromyzonti","Petromyzontiformes","Petromyzontidae","Lethenteron",TRUE,TRUE,TRUE,101173,980415,"Lethenteron camtschaticum"
"269","Hexanchus griseus","Hexanchus griseus","accepted","Hexanchus griseus","species","Elasmobranchii","Hexanchiformes","Hexanchidae","Hexanchus",TRUE,FALSE,FALSE,105833,94987,"Hexanchus griseus"
"270","Liparis gibbus","Liparis gibbus","accepted","Liparis gibbus","species","Teleostei","Perciformes","Liparidae","Liparis",TRUE,FALSE,FALSE,159526,255718,"Liparis gibbus"
"271","Triglops scepticus","Triglops scepticus","accepted","Triglops scepticus","species","Teleostei","Perciformes","Cottidae","Triglops",TRUE,FALSE,FALSE,254531,274770,"Triglops scepticus"
"272","Lipariscus nanus","Lipariscus nanus","accepted","Lipariscus nanus","species","Teleostei","Perciformes","Liparidae","Lipariscus",TRUE,FALSE,FALSE,281365,557405,"Lipariscus nanus"
"273","Lumpenopsis hypochroma","Lumpenopsis hypochroma","accepted","Lumpenopsis hypochroma","species","Teleostei","Perciformes","Stichaeidae","Lumpenopsis",TRUE,FALSE,FALSE,281437,NA,"Lumpenopsis hypochroma"
"274","Radulinus boleoides","Radulinus boleoides","accepted","Radulinus boleoides","species","Teleostei","Perciformes","Cottidae","Radulinus",TRUE,FALSE,FALSE,282542,980343,"Radulinus boleoides"
"275","Jordania zonope","Jordania zonope","accepted","Jordania zonope","species","Teleostei","Perciformes","Jordaniidae","Jordania",TRUE,FALSE,FALSE,398459,274764,"Jordania zonope"
"276","Amblyraja hyperborea","Amblyraja hyperborea","accepted","Amblyraja hyperborea","species","Elasmobranchii","Rajiformes","Rajidae","Amblyraja",TRUE,FALSE,FALSE,105863,315322,"Amblyraja hyperborea"
"277","Cyclothone acclinidens","Cyclothone acclinidens","accepted","Cyclothone acclinidens","species","Teleostei","Stomiiformes","Gonostomatidae","Cyclothone",TRUE,FALSE,FALSE,127282,48441,"Cyclothone acclinidens"
"278","Rhadinesthes decimus","Rhadinesthes decimus","accepted","Rhadinesthes decimus","species","Teleostei","Stomiiformes","Stomiidae","Rhadinesthes",TRUE,FALSE,FALSE,127373,882883,"Rhadinesthes decimus"
"279","Osmerus dentex","Osmerus dentex","accepted","Osmerus dentex","species","Teleostei","Osmeriformes","Osmeridae","Osmerus",TRUE,TRUE,TRUE,254557,476919,"Osmerus dentex"
"280","Liparis greeni","Liparis greeni","accepted","Liparis greeni","species","Teleostei","Perciformes","Liparidae","Liparis",TRUE,FALSE,FALSE,274517,1562383,"Liparis greeni"
"281","Sebastes chlorostictus","Sebastes chlorostictus","accepted","Sebastes chlorostictus","species","Teleostei","Perciformes","Sebastidae","Sebastes",TRUE,FALSE,FALSE,274781,72064,"Sebastes chlorostictus"
"282","Anoplarchus insignis","Anoplarchus insignis","accepted","Anoplarchus insignis","species","Teleostei","Perciformes","Stichaeidae","Anoplarchus",TRUE,FALSE,FALSE,279632,1225888,"Anoplarchus insignis"
"283","Lepidogobius lepidus","Lepidogobius lepidus","accepted","Lepidogobius lepidus","species","Teleostei","Gobiiformes","Gobiidae","Lepidogobius",TRUE,FALSE,FALSE,281292,185746,"Lepidogobius lepidus"
"284","Oligocottus rimensis","Oligocottus rimensis","accepted","Oligocottus rimensis","species","Teleostei","Perciformes","Cottidae","Oligocottus",TRUE,FALSE,FALSE,281873,459050,"Oligocottus rimensis"
"285","Pleurogrammus monopterygius","Pleurogrammus monopterygius","accepted","Pleurogrammus monopterygius","species","Teleostei","Perciformes","Hexagrammidae","Pleurogrammus",TRUE,FALSE,FALSE,282289,192379,"Pleurogrammus monopterygius"
"286","Rhinoliparis barbulifer","Rhinoliparis barbulifer","accepted","Rhinoliparis barbulifer","species","Teleostei","Perciformes","Liparidae","Rhinoliparis",TRUE,FALSE,FALSE,282585,446837,"Rhinoliparis barbulifer"
"287","Spirinchus starksi","Spirinchus starksi","accepted","Spirinchus starksi","species","Teleostei","Osmeriformes","Osmeridae","Spirinchus",TRUE,FALSE,FALSE,282843,443727,"Spirinchus starksi"
"288","Magnisudis atlantica","Magnisudis atlantica","accepted","Magnisudis atlantica","species","Teleostei","Aulopiformes","Paralepididae","Magnisudis",TRUE,FALSE,FALSE,126359,319769,"Magnisudis atlantica"
"289","Osmerus mordax","Osmerus mordax","accepted","Osmerus mordax","species","Teleostei","Osmeriformes","Osmeridae","Osmerus",TRUE,TRUE,TRUE,126737,8014,"Osmerus mordax"
"290","Coregonus autumnalis","Coregonus autumnalis","accepted","Coregonus autumnalis","species","Teleostei","Salmoniformes","Salmonidae","Coregonus",TRUE,TRUE,TRUE,127179,27773,"Coregonus autumnalis"
"291","Salvelinus alpinus","Salvelinus alpinus","accepted","Salvelinus alpinus","species","Teleostei","Salmoniformes","Salmonidae","Salvelinus",TRUE,TRUE,TRUE,127188,8036,"Salvelinus alpinus"
"292","Argyropelecus sladeni","Argyropelecus sladeni","accepted","Argyropelecus sladeni","species","Teleostei","Stomiiformes","Sternoptychidae","Argyropelecus",TRUE,FALSE,FALSE,158837,81870,"Argyropelecus sladeni"
"293","Phanerodon furcatus","Phanerodon furcatus","accepted","Phanerodon furcatus","species","Teleostei","Ovalentaria incertae sedis","Embiotocidae","Phanerodon",TRUE,FALSE,FALSE,240730,100200,"Phanerodon furcatus"
"294","Hexagrammos lagocephalus","Hexagrammos lagocephalus","accepted","Hexagrammos lagocephalus","species","Teleostei","Perciformes","Hexagrammidae","Hexagrammos",TRUE,FALSE,FALSE,240735,192377,"Hexagrammos lagocephalus"
"295","Stellerina xyosterna","Stellerina xyosterna","accepted","Stellerina xyosterna","species","Teleostei","Perciformes","Agonidae","Stellerina",TRUE,FALSE,FALSE,254366,283639,"Stellerina xyosterna"
"296","Bathyraja violacea","Bathyraja violacea","accepted","Bathyraja violacea","species","Elasmobranchii","Rajiformes","Arhynchobatidae","Bathyraja",TRUE,FALSE,FALSE,271540,392425,"Bathyraja violacea"
"297","Trachipterus altivelis","Trachipterus altivelis","accepted","Trachipterus altivelis","species","Teleostei","Lampriformes","Trachipteridae","Trachipterus",TRUE,FALSE,FALSE,272531,320416,"Trachipterus altivelis"
"298","Oneirodes acanthias","Oneirodes acanthias","accepted","Oneirodes acanthias","species","Teleostei","Lophiiformes","Oneirodidae","Oneirodes",TRUE,FALSE,FALSE,272620,242955,"Oneirodes acanthias"
"299","Bassozetus zenkevitchi","Bassozetus zenkevitchi","accepted","Bassozetus zenkevitchi","species","Teleostei","Ophidiiformes","Ophidiidae","Bassozetus",TRUE,FALSE,FALSE,272795,181397,"Bassozetus zenkevitchi"
"300","Pholis ornata","Pholis ornata","accepted","Pholis ornata","species","Teleostei","Perciformes","Pholidae","Pholis",TRUE,FALSE,FALSE,273692,283028,"Pholis ornata"
"301","Chirolophis tarsodes","Chirolophis tarsodes","accepted","Chirolophis tarsodes","species","Teleostei","Perciformes","Stichaeidae","Chirolophis",TRUE,FALSE,FALSE,273991,NA,"Chirolophis tarsodes"
"302","Sebastes polyspinis","Sebastes polyspinis","accepted","Sebastes polyspinis","species","Teleostei","Perciformes","Sebastidae","Sebastes",TRUE,FALSE,FALSE,274837,394702,"Sebastes polyspinis"
"303","Sarda lineolata","Sarda lineolata","accepted","Sarda lineolata","species","Teleostei","Scombriformes","Scombridae","Sarda",TRUE,FALSE,FALSE,304449,NA,"Sarda lineolata"
"304","Pentaceros wheeleri","Pentaceros wheeleri","accepted","Pentaceros wheeleri","species","Teleostei","Acropomatiformes","Pentacerotidae","Pentaceros",TRUE,FALSE,FALSE,313241,257887,"Pentaceros wheeleri"
"305","Bathylagoides wesethi","Bathylagoides wesethi","accepted","Bathylagoides wesethi","species","Teleostei","Argentiniformes","Bathylagidae","Bathylagoides",TRUE,FALSE,FALSE,712444,875769,"Bathylagoides wesethi"
"306","Protomyctophum crockeri","Protomyctophum crockeri","accepted","Protomyctophum crockeri","species","Teleostei","Myctophiformes","Myctophidae","Protomyctophum",TRUE,FALSE,FALSE,272731,91656,"Protomyctophum crockeri"
"307","Coryphaena hippurus","Coryphaena hippurus","accepted","Coryphaena hippurus","species","Teleostei","Carangiformes","Coryphaenidae","Coryphaena",TRUE,TRUE,FALSE,126846,34814,"Coryphaena hippurus"
"308","Morone saxatilis","Morone saxatilis","accepted","Morone saxatilis","species","Teleostei","Eupercaria incertae sedis","Moronidae","Morone",TRUE,TRUE,TRUE,151179,34816,"Morone saxatilis"
"309","Tetragonurus cuvieri","Tetragonurus cuvieri","accepted","Tetragonurus cuvieri","species","Teleostei","Scombriformes","Tetragonuridae","Tetragonurus",TRUE,FALSE,FALSE,127080,316150,"Tetragonurus cuvieri"
"310","Bathyraja kincaidii","Bathyraja kincaidii","accepted","Bathyraja kincaidii","species","Elasmobranchii","Rajiformes","Arhynchobatidae","Bathyraja",TRUE,FALSE,FALSE,298828,1154593,"Bathyraja kincaidii"
"311","Anoplogaster cornuta","Anoplogaster cornuta","accepted","Anoplogaster cornuta","species","Teleostei","Trachichthyiformes","Anoplogastridae","Anoplogaster",TRUE,FALSE,FALSE,126393,88656,"Anoplogaster cornuta"
"312","Lampadena urophaos","Lampadena urophaos","accepted","Lampadena urophaos","species","Teleostei","Myctophiformes","Myctophidae","Lampadena",TRUE,FALSE,FALSE,126609,319455,"Lampadena urophaos"
"313","Salmo trutta","Salmo trutta","accepted","Salmo trutta","species","Teleostei","Salmoniformes","Salmonidae","Salmo",TRUE,TRUE,TRUE,127187,8032,"Salmo trutta"
"314","Apodichthys fucorum","Apodichthys fucorum","accepted","Apodichthys fucorum","species","Teleostei","Perciformes","Pholidae","Apodichthys",TRUE,FALSE,FALSE,279665,57780,"Apodichthys fucorum"
"315","Chilara taylori","Chilara taylori","accepted","Chilara taylori","species","Teleostei","Ophidiiformes","Ophidiidae","Chilara",TRUE,TRUE,FALSE,280146,274688,"Chilara taylori"
"316","Idiacanthus antrostomus","Idiacanthus antrostomus","accepted","Idiacanthus antrostomus","species","Teleostei","Stomiiformes","Stomiidae","Idiacanthus",TRUE,FALSE,FALSE,275151,314241,"Idiacanthus antrostomus"
"317","Danaphos oculatus","Danaphos oculatus","accepted","Danaphos oculatus","species","Teleostei","Stomiiformes","Sternoptychidae","Danaphos",TRUE,FALSE,FALSE,280483,875787,"Danaphos oculatus"
"318","Peprilus simillimus","Peprilus simillimus","accepted","Peprilus simillimus","species","Teleostei","Scombriformes","Stromateidae","Peprilus",TRUE,FALSE,FALSE,276563,320412,"Peprilus simillimus"
"319","Clevelandia ios","Clevelandia ios","accepted","Clevelandia ios","species","Teleostei","Gobiiformes","Gobiidae","Clevelandia",TRUE,TRUE,FALSE,280215,185732,"Clevelandia ios"
"320","Aphanopus arigato","Aphanopus arigato","accepted","Aphanopus arigato","species","Teleostei","Scombriformes","Trichiuridae","Aphanopus",TRUE,FALSE,FALSE,274008,1154592,"Aphanopus arigato"
"321","Argyropelecus lychnus","Argyropelecus lychnus","accepted","Argyropelecus lychnus","species","Teleostei","Stomiiformes","Sternoptychidae","Argyropelecus",TRUE,FALSE,FALSE,158836,875771,"Argyropelecus lychnus"
"322","Liparis adiastolus","Liparis adiastolus","accepted","Liparis adiastolus","species","Teleostei","Perciformes","Liparidae","Liparis",TRUE,FALSE,FALSE,274498,NA,"Liparis adiastolus"
"323","Opostomias mitsuii","Opostomias mitsuii","accepted","Opostomias mitsuii","species","Teleostei","Stomiiformes","Stomiidae","Opostomias",TRUE,FALSE,FALSE,281926,1604631,"Opostomias mitsuii"
"324","Sebastes chrysomelas","Sebastes chrysomelas","accepted","Sebastes chrysomelas","species","Teleostei","Perciformes","Sebastidae","Sebastes",TRUE,FALSE,FALSE,240737,394688,"Sebastes chrysomelas"
"325","Cebidichthys violaceus","Cebidichthys violaceus","accepted","Cebidichthys violaceus","species","Teleostei","Perciformes","Cebidichthyidae","Cebidichthys",TRUE,FALSE,FALSE,280053,271503,"Cebidichthys violaceus"
"326","Plectobranchus evides","Plectobranchus evides","accepted","Plectobranchus evides","species","Teleostei","Perciformes","Stichaeidae","Plectobranchus",TRUE,FALSE,FALSE,282283,57849,"Plectobranchus evides"
"327","Sebastes rastrelliger","Sebastes rastrelliger","accepted","Sebastes rastrelliger","species","Teleostei","Perciformes","Sebastidae","Sebastes",TRUE,FALSE,FALSE,274839,72095,"Sebastes rastrelliger"
"328","Beringraja inornata","Beringraja inornata","accepted","Beringraja inornata","species","Elasmobranchii","Rajiformes","Rajidae","Beringraja",TRUE,FALSE,FALSE,1461134,2838339,"Caliraja inornata"
"329","Sebastes carnatus","Sebastes carnatus","accepted","Sebastes carnatus","species","Teleostei","Perciformes","Sebastidae","Sebastes",TRUE,FALSE,FALSE,274779,72062,"Sebastes carnatus"
"330","Lyconema barbatum","Lyconema barbatum","accepted","Lyconema barbatum","species","Teleostei","Perciformes","Zoarcidae","Lyconema",TRUE,FALSE,FALSE,281449,320593,"Lyconema barbatum"
"331","Alepisaurus ferox","Alepisaurus ferox","accepted","Alepisaurus ferox","species","Teleostei","Aulopiformes","Alepisauridae","Alepisaurus",TRUE,FALSE,FALSE,126333,88653,"Alepisaurus ferox"
"332","Ceratoscopelus townsendi","Ceratoscopelus townsendi","accepted","Ceratoscopelus townsendi","species","Teleostei","Myctophiformes","Myctophidae","Ceratoscopelus",TRUE,FALSE,FALSE,272656,875772,"Ceratoscopelus townsendi"
"333","Argentina sialis","Argentina sialis","accepted","Argentina sialis","species","Teleostei","Argentiniformes","Argentinidae","Argentina",TRUE,TRUE,FALSE,272897,260512,"Argentina sialis"
"334","Benthodesmus pacificus","Benthodesmus pacificus","accepted","Benthodesmus pacificus","species","Teleostei","Scombriformes","Trichiuridae","Benthodesmus",TRUE,FALSE,FALSE,274013,1738883,"Benthodesmus pacificus"
"335","Brosmophycis marginata","Brosmophycis marginata","accepted","Brosmophycis marginata","species","Teleostei","Ophidiiformes","Bythitidae","Brosmophycis",TRUE,FALSE,FALSE,280000,334377,"Brosmophycis marginata"
"336","Hyperprosopon ellipticum","Hyperprosopon ellipticum","accepted","Hyperprosopon ellipticum","species","Teleostei","Ovalentaria incertae sedis","Embiotocidae","Hyperprosopon",TRUE,FALSE,FALSE,281099,1045556,"Hyperprosopon ellipticum"
"337","Salvelinus fontinalis","Salvelinus fontinalis","accepted","Salvelinus fontinalis","species","Teleostei","Salmoniformes","Salmonidae","Salvelinus",TRUE,TRUE,TRUE,154241,8038,"Salvelinus fontinalis"
"338","Physiculus rastrelliger","Physiculus rastrelliger","accepted","Physiculus rastrelliger","species","Teleostei","Gadiformes","Moridae","Physiculus",TRUE,FALSE,FALSE,272510,740704,"Physiculus rastrelliger"
"339","Poromitra curilensis","Poromitra curilensis","accepted","Poromitra curilensis","species","Teleostei","Beryciformes","Melamphaidae","Poromitra",TRUE,FALSE,FALSE,474945,1828457,"Poromitra curilensis"
"340","Thunnus alalunga","Thunnus alalunga","accepted","Thunnus alalunga","species","Teleostei","Scombriformes","Scombridae","Thunnus",TRUE,FALSE,FALSE,127026,NA,"Thunnus alalunga"
"341","Barbourisia rufa","Barbourisia rufa","accepted","Barbourisia rufa","species","Teleostei","Beryciformes","Barbourisiidae","Barbourisia",TRUE,FALSE,FALSE,159425,88660,"Barbourisia rufa"
"342","Paralichthys californicus","Paralichthys californicus","accepted","Paralichthys californicus","species","Teleostei","Pleuronectiformes","Paralichthyidae","Paralichthys",TRUE,TRUE,FALSE,275809,319776,"Paralichthys californicus"
"343","Clidoderma asperrimum","Clidoderma asperrimum","accepted","Clidoderma asperrimum","species","Teleostei","Pleuronectiformes","Pleuronectidae","Clidoderma",TRUE,FALSE,FALSE,280216,255560,"Clidoderma asperrimum"
"344","Zaniolepis frenata","Zaniolepis frenata","accepted","Zaniolepis frenata","species","Teleostei","Perciformes","Zaniolepididae","Zaniolepis",TRUE,FALSE,FALSE,283208,274743,"Zaniolepis frenata"
"345","Sigmops gracilis","Sigmops gracilis","accepted","Sigmops gracilis","species","Teleostei","Stomiiformes","Gonostomatidae","Sigmops",TRUE,FALSE,FALSE,279336,48457,"Sigmops gracilis"
"346","Amphistichus rhodoterus","Amphistichus rhodoterus","accepted","Amphistichus rhodoterus","species","Teleostei","Ovalentaria incertae sedis","Embiotocidae","Amphistichus",TRUE,TRUE,FALSE,279596,72546,"Amphistichus rhodoterus"
"347","Taractes asper","Taractes asper","accepted","Taractes asper","species","Teleostei","Scombriformes","Bramidae","Taractes",TRUE,FALSE,FALSE,126786,302046,"Taractes asper"
"348","Cyclothone signata","Cyclothone signata","accepted","Cyclothone signata","species","Teleostei","Stomiiformes","Gonostomatidae","Cyclothone",TRUE,FALSE,FALSE,154831,48453,"Cyclothone signata"
"349","Lycodapus parviceps","Lycodapus parviceps","accepted","Lycodapus parviceps","species","Teleostei","Perciformes","Zoarcidae","Lycodapus",TRUE,FALSE,FALSE,279393,1772030,"Lycodapus parviceps"
"350","Tetronarce californica","Tetronarce californica","accepted","Tetronarce californica","species","Elasmobranchii","Torpediniformes","Torpedinidae","Tetronarce",TRUE,FALSE,FALSE,845703,7787,"Tetronarce californica"
"351","Gibbonsia montereyensis","Gibbonsia montereyensis","accepted","Gibbonsia montereyensis","species","Teleostei","Blenniiformes","Clinidae","Gibbonsia",TRUE,FALSE,FALSE,280836,57803,"Gibbonsia montereyensis"
"352","Caulophryne jordani","Caulophryne jordani","accepted","Caulophryne jordani","species","Teleostei","Lophiiformes","Caulophrynidae","Caulophryne",TRUE,FALSE,FALSE,126534,717990,"Caulophryne jordani"
"353","Sebastes rosaceus","Sebastes rosaceus","accepted","Sebastes rosaceus","species","Teleostei","Perciformes","Sebastidae","Sebastes",TRUE,FALSE,FALSE,274841,72096,"Sebastes rosaceus"
"354","Amphistichus koelzi","Amphistichus koelzi","accepted","Amphistichus koelzi","species","Teleostei","Ovalentaria incertae sedis","Embiotocidae","Amphistichus",TRUE,FALSE,FALSE,279595,1045555,"Amphistichus koelzi"
"355","Parvilux ingens","Parvilux ingens","accepted","Parvilux ingens","species","Teleostei","Myctophiformes","Myctophidae","Parvilux",TRUE,FALSE,FALSE,282178,717805,"Parvilux ingens"
"356","Diretmoides pauciradiatus","Diretmoides pauciradiatus","accepted","Diretmoides pauciradiatus","species","Teleostei","Trachichthyiformes","Diretmidae","Diretmoides",TRUE,FALSE,FALSE,126397,1415272,"Diretmoides pauciradiatus"
"357","Bajacalifornia megalops","Bajacalifornia megalops","accepted","Bajacalifornia megalops","species","Teleostei","Alepocephaliformes","Alepocephalidae","Bajacalifornia",TRUE,FALSE,FALSE,126687,492034,"Bajacalifornia megalops"
"358","Genyonemus lineatus","Genyonemus lineatus","accepted","Genyonemus lineatus","species","Teleostei","Eupercaria incertae sedis","Sciaenidae","Genyonemus",TRUE,FALSE,FALSE,280830,320395,"Genyonemus lineatus"
"359","Medialuna californiensis","Medialuna californiensis","accepted","Medialuna californiensis","species","Teleostei","Centrarchiformes","Scorpididae","Medialuna",TRUE,FALSE,FALSE,281541,314243,"Medialuna californiensis"
"360","Alopias vulpinus","Alopias vulpinus","accepted","Alopias vulpinus","species","Elasmobranchii","Lamniformes","Alopiidae","Alopias",TRUE,FALSE,FALSE,105836,7852,"Alopias vulpinus"
"361","Loweina rara","Loweina rara","accepted","Loweina rara","species","Teleostei","Myctophiformes","Myctophidae","Loweina",TRUE,FALSE,FALSE,126625,1519984,"Loweina rara"
"362","Lepidopus fitchi","Lepidopus fitchi","accepted","Lepidopus fitchi","species","Teleostei","Scombriformes","Trichiuridae","Lepidopus",TRUE,FALSE,FALSE,274018,515182,"Lepidopus fitchi"
"363","Caulolatilus princeps","Caulolatilus princeps","accepted","Caulolatilus princeps","species","Teleostei","Eupercaria incertae sedis","Malacanthidae","Caulolatilus",TRUE,FALSE,FALSE,276217,319437,"Caulolatilus princeps"
"364","Clinocottus recalvus","Clinocottus recalvus","accepted","Clinocottus recalvus","species","Teleostei","Perciformes","Cottidae","Clinocottus",TRUE,FALSE,FALSE,280222,283633,"Clinocottus recalvus"
"365","Zaniolepis latipinnis","Zaniolepis latipinnis","accepted","Zaniolepis latipinnis","species","Teleostei","Perciformes","Zaniolepididae","Zaniolepis",TRUE,FALSE,FALSE,283209,283621,"Zaniolepis latipinnis"
"366","Symphurus atricauda","Symphurus atricauda","accepted","Symphurus atricauda","species","Teleostei","Pleuronectiformes","Cynoglossidae","Symphurus",TRUE,FALSE,FALSE,305635,NA,"Symphurus atricauda"
"367","Argyropelecus affinis","Argyropelecus affinis","accepted","Argyropelecus affinis","species","Teleostei","Stomiiformes","Sternoptychidae","Argyropelecus",TRUE,FALSE,FALSE,127307,81869,"Argyropelecus affinis"
"368","Atherinops affinis","Atherinops affinis","accepted","Atherinops affinis","species","Teleostei","Atheriniformes","Atherinidae","Atherinops",TRUE,TRUE,FALSE,279812,238741,"Atherinops affinis"
"369","Icelinus fimbriatus","Icelinus fimbriatus","accepted","Icelinus fimbriatus","species","Teleostei","Perciformes","Cottidae","Icelinus",TRUE,FALSE,FALSE,281137,320611,"Icelinus fimbriatus"
"370","Xenomystax atrarius","Xenomystax atrarius","accepted","Xenomystax atrarius","species","Teleostei","Anguilliformes","Congridae","Xenomystax",TRUE,FALSE,FALSE,283188,2048767,"Xenomystax atrarius"
"371","Hyperprosopon argenteum","Hyperprosopon argenteum","accepted","Hyperprosopon argenteum","species","Teleostei","Ovalentaria incertae sedis","Embiotocidae","Hyperprosopon",TRUE,FALSE,FALSE,281098,100192,"Hyperprosopon argenteum"
"372","Nautichthys robustus","Nautichthys robustus","accepted","Nautichthys robustus","species","Teleostei","Perciformes","Hemitripteridae","Nautichthys",TRUE,FALSE,FALSE,254401,557353,"Nautichthys robustus"
"373","Seriphus politus","Seriphus politus","accepted","Seriphus politus","species","Teleostei","Eupercaria incertae sedis","Sciaenidae","Seriphus",TRUE,FALSE,FALSE,282761,515231,"Seriphus politus"
"374","Pholis fasciata","Pholis fasciata","accepted","Pholis fasciata","species","Teleostei","Perciformes","Pholidae","Pholis",TRUE,FALSE,FALSE,159846,980340,"Pholis fasciata"
"375","Agonomalus mozinoi","Agonomalus mozinoi","accepted","Agonomalus mozinoi","species","Teleostei","Perciformes","Agonidae","Agonomalus",TRUE,FALSE,FALSE,279517,2838345,"Agonomalus mozinoi"
"376","Acantholumpenus mackayi","Acantholumpenus mackayi","accepted","Acantholumpenus mackayi","species","Teleostei","Perciformes","Lumpenidae","Acantholumpenus",TRUE,TRUE,FALSE,249703,1049575,"Acantholumpenus mackayi"
"377","Triakis semifasciata","Triakis semifasciata","accepted","Triakis semifasciata","species","Elasmobranchii","Carcharhiniformes","Triakidae","Triakis",TRUE,TRUE,FALSE,279060,30493,"Triakis semifasciata"
